valor_original,novo_valor
0,Não informado
0,Não informado
1,Não informado
6,Não informado
-,Não informado
 01ª Vara do Sistema dos Juizados ,Juizado Especial Cível
 Juizado Especial Cível e Criminal ,Juizado Especial Cível
01° Juizado Especial Cível,Juizado Especial Cível
01° Juizado Especial Cível ,Juizado Especial Cível
01° Juizado Especial Cível - Regional da Barra da Tijuca,Juizado Especial Cível
01° Juizado Especial Cível - Regional da Lapa,Juizado Especial Cível
01° Juizado Especial Cível - Regional da Região Oceânica,Juizado Especial Cível
01° Juizado Especial Cível - Regional de Jabaquara,Juizado Especial Cível
01° Juizado Especial Cível - Regional de Pinheiros,Juizado Especial Cível
01° Juizado Especial Cível - Regional de Santana,Juizado Especial Cível
01° Juizado Especial Cível - Regional de Santo Amaro,Juizado Especial Cível
01° Juizado Especial Cível - Regional de Vila Prudente,Juizado Especial Cível
01° Juizado Especial Cível - Regional Penha de França,Juizado Especial Cível
01° Juizado Especial Cível - Regional Vergueiro,Juizado Especial Cível
01° Juizado Especial Cível Anexo FMU ,Juizado Especial Cível
01° UJ - 1°  Jd. Cível ,Vara Cível
01ª Câmara Cível,Vara Cível
01ª Câmara de Direito Cívil,Vara Cível
01ª Câmara de Direito Privado,Vara Cível
01ª Juizado Especial Civel,Juizado Especial Cível
01ª Juizado Especial Cível ,Juizado Especial Cível
01ª Turma Cível,Juizado Especial Cível
01ª Turma Recursal,Juizado Especial Cível
01ª Turma Recursal Cível,Juizado Especial Cível
01ª Turma Recursal dos Juizados Especiais,Juizado Especial Cível
01ª UJ - 2º Jd Cível ,Vara Cível
01ª Unidade Jurisdicional Cível ,Vara Cível
01ª Unidade Jurisdicional Cível - 1º JD ,Vara Cível
01ª Unidade Jurisdicional Cível - 2º JD ,Vara Cível
01ª Unidade Jurisdicional Cível - 3º JD ,Vara Cível
01ª Unidade Jurisdicional Única de Itabira,Vara Cível
01ª Vara,Vara Cível
01ª Vara,Vara Cível
01ª Vara Cível,Vara Cível
01ª Vara Cível ,Vara Cível
01ª Vara Cível - Foro Regional de Itaipava,Vara Cível
01ª Vara Cível - Fórum Regional de Pinheiros - XI,Vara Cível
01ª Vara Cível - Regional da Barra da Tijuca,Vara Cível
01ª Vara Cível - Regional de Jabaquara,Vara Cível
01ª Vara Cível - Regional de Jacarepaguá,Vara Cível
01ª Vara Cível - Regional de Pinheiros,Vara Cível
01ª Vara Cível - Regional de Tatuapé,Vara Cível
01ª Vara Cível - Regional de Tristeza,Vara Cível
01ª Vara Cível Do Foro Regional,Vara Cível
01ª Vara Cível e Criminal ,Vara Cível
01ª Vara Cível e Empresarial ,Vara Cível
01ª Vara da Fazenda Pública,Outros
01ª Vara de Feitos de Rel de Cons. Cível e Comerciais ,Vara Cível
01ª Vara de Precatórias,Vara Cível
01ª Vara de Relações de Consumo ,Vara Cível
01ª Vara Descentralizada da Cidade Industrial ,Vara Cível
01ª Vara Descentralizada de Pinheirinho ,Vara Cível
01ª Vara Descentralizada de Santa Felicidade - JEC ,Juizado Especial Cível
01ª Vara Descentralizada do Bairro Novo ,Vara Cível
01ª Vara Descentralizada do Boqueirão ,Vara Cível
01ª Vara do JEC ,Juizado Especial Cível
01ª Vara do Juizado Especial,Juizado Especial Cível
01ª Vara do Juizado Especial Cível,Juizado Especial Cível
01ª Vara do Juizado Especial Cível - Regional de Jabaquara,Juizado Especial Cível
01ª Vara do Juizado Especial Cível - VERGUEIRO ,Juizado Especial Cível
01ª Vara do Juizado Especial Cível e Criminal ,Juizado Especial Cível
01ª Vara do Juizado Especial Criminal,Juizado Especial Cível
01ª Vara do Sistema dos Juizados ,Juizado Especial Cível
01ª Vara do Sistema dos Juizados Especiais de Causas Comuns ,Juizado Especial Cível
01ª Vara do Sistema dos Juizados Especiais do Consumidor ,Juizado Especial Cível
01ª Vara do Trabalho,Outros
01ª Vara Empresarial,Vara Cível
01ª Vara Federal (Cível especializada nos temas tributário e regulatório),Vara Cível
01ª Vara Genérica ,Vara Cível
01ª Vara Judicial,Vara Cível
01ª Vara Judicial ,Vara Cível
01ª Vara Regional Cível ,Vara Cível
01ª Vice Presidência,Vara Cível
01º Juiz Esp Cível Crim e da Faz Públ,Juizado Especial Cível
01º Juiz Esp Cível e das Rel de Consumo ,Juizado Especial Cível
01º Juizado Esp Cível e das Rel de Consumo ,Juizado Especial Cível
01º Juizado Especial,Juizado Especial Cível
01º Juizado Especial Adjunto ,Juizado Especial Cível
01º Juizado Especial Cível,Juizado Especial Cível
01º Juizado Especial Civel ,Juizado Especial Cível
01º Juizado Especial Cível ,Juizado Especial Cível
01º Juizado Especial Cìvel ,Juizado Especial Cível
01º Juizado Especial Cível - Fórum Regional II - Santo Amaro,Juizado Especial Cível
01º Juizado Especial Cível - Regional Butantã,Juizado Especial Cível
01º Juizado Especial Cível - Regional da Barra da Tijuca,Juizado Especial Cível
01º Juizado Especial Cível - Regional de Jabaquara,Juizado Especial Cível
01º Juizado Especial Cível - Regional de Pinheiros,Juizado Especial Cível
01º Juizado Especial Cível - Regional de Santo Amaro,Juizado Especial Cível
01º Juizado Especial Cível - Regional de Sarandi,Juizado Especial Cível
01º Juizado Especial Cível - Regional de Tatuapé,Juizado Especial Cível
01º Juizado Especial Cível - Regional de Vila Prudente,Juizado Especial Cível
01º Juizado Especial Cível - Regional do Ipiranga,Juizado Especial Cível
01º Juizado Especial Cível - Regional São Miguel Paulista,Juizado Especial Cível
01º Juizado Especial Cível e Criminal,Juizado Especial Cível
01º Juizado Especial Cível e Criminal ,Juizado Especial Cível
01º Juizado Especial Cível e Criminal de Mariana,Juizado Especial Cível
01º Juizado Especial Cível e das Rel de Consumo ,Juizado Especial Cível
01º Juizado Especial Cível e das Rel. de Cons. ,Juizado Especial Cível
01º Juizado Especial Misto ,Juizado Especial Cível
01º Juizado Espl Cível e Crimi do FRReg do Sarandi ,Juizado Especial Cível
01º Vara Cível ,Vara Cível
01º Vara do Sistema dos Ajuizados ,Vara Cível
02 Vara Cível ,Vara Cível
02ª Câmara Cível,Vara Cível
02ª Câmara de Direito Privado,Vara Cível
02ª Câmara do Direito Privado,Vara Cível
02ª Juizado Especial Civel,Juizado Especial Cível
02ª Turma,Juizado Especial Cível
02ª Turma Cível,Juizado Especial Cível
02ª Turma de Recurso,Juizado Especial Cível
02ª Turma Recursal,Juizado Especial Cível
02ª Turma Recursal Cível,Juizado Especial Cível
02ª Turma Recursal Criminal,Juizado Especial Cível
02ª UJ - 3º JD CÍVEL ,Vara Cível
02ª UJ - 6º JD CÍVEL ,Vara Cível
02ª Unidade Jurisdicional ,Vara Cível
02ª Unidade Jurisdicional - 04º JD ,Vara Cível
02ª Unidade Jurisdicional - 4º JD ,Vara Cível
02ª Unidade Jurisdicional Cível ,Vara Cível
02ª Unidade Jurisdicional Cível - 3º JD ,Vara Cível
02ª Unidade Jurisdicional Cível - 4º JD ,Vara Cível
02ª Unidade Jurisdicional Cível - 5º JD ,Vara Cível
02ª Unidade Jurisdicional Cível - 6º JD ,Vara Cível
02ª Unidade Jurisdicional Única - 4º JD ,Vara Cível
02ª Vara,Vara Cível
02ª Vara Cível,Vara Cível
02ª Vara Cível ,Vara Cível
02ª Vara Cível - Regional da Ilha do Governador,Vara Cível
02ª Vara Cível - Regional da Lapa,Vara Cível
02ª Vara Cível - Regional de Sarandi,Vara Cível
02ª Vara Cível - Regional de Tatuapé,Vara Cível
02ª Vara Cível e Criminal ,Vara Cível
02ª Vara Cível e Empresarial ,Vara Cível
"02ª Vara Cível, Criminal e de Execuções Criminais ",Vara Cível
02ª Vara do Juizado Especial,Juizado Especial Cível
02ª Vara do Juizado Especial  Cível - Vergueiro ,Juizado Especial Cível
02ª Vara do Juizado Especial Cível,Juizado Especial Cível
02ª Vara do Juizado Especial Cível ,Juizado Especial Cível
02ª Vara do Juizado Especial Cível - Vergueiro ,Juizado Especial Cível
02ª Vara do juizado especial cível e criminal,Juizado Especial Cível
02ª Vara do Sistema dos Juizados ,Juizado Especial Cível
02ª Vara do Sistema dos Juizados Especiais do Consumidor ,Juizado Especial Cível
02ª Vara do Sistema Juizados ,Juizado Especial Cível
02ª Vara do Trabalho,Outros
02ª Vara dos Feitos de Relações de Consumo ,Vara Cível
02ª Vara Genérica ,Vara Cível
02ª Vara Judicial ,Vara Cível
02º Juiz Esp Cível Crim e da Faz Públ ,Juizado Especial Cível
"02º Juizado Esp.l Cível, Cri.l e da Fazenda Públ. ",Juizado Especial Cível
02º Juizado Especial Cível,Juizado Especial Cível
02º Juizado Especial Cível ,Juizado Especial Cível
02º Juizado Especial Cível - Regional da Barra da Tijuca,Juizado Especial Cível
02º Juizado Especial Cível - Regional de Santana,Juizado Especial Cível
02º Juizado Especial Cível - Regional de Santo Amaro,Juizado Especial Cível
02º Juizado Especial Cível e Criminal ,Juizado Especial Cível
02º Juizado Especial Cível e das Rel. de Cons. ,Juizado Especial Cível
02º Juizado Especial Cível e das Relações de Cons. ,Juizado Especial Cível
02º Juizado Especial Cível e Relações de Consumo ,Juizado Especial Cível
03° Juizado Especial Cível ,Juizado Especial Cível
03ª Câmara Cível,Vara Cível
03ª Turma,Juizado Especial Cível
03ª Turma Cível,Juizado Especial Cível
03ª Turma Recursal,Juizado Especial Cível
03ª Turma Recursal Cível,Juizado Especial Cível
03ª Unidade Jurisdicional Cível ,Vara Cível
03ª Unidade Jurisdicional Cível - 8º JD ,Vara Cível
03ª Unidade Jurisdicional Cível - 9º JD ,Vara Cível
03ª Unidade Jurisdicional Cível - Barreiro - 7º JD ,Vara Cível
03ª Vara,Vara Cível
03ª Vara Cível,Vara Cível
03ª Vara Cível ,Vara Cível
03ª Vara Cível - Regional da Barra da Tijuca,Vara Cível
03ª Vara Cível - Regional da Ilha do Governador,Vara Cível
03ª Vara Cível - Regional da Lapa,Vara Cível
03ª Vara Cível - Regional de Jabaquara,Vara Cível
03ª Vara Cível - Regional de Pinheiros,Vara Cível
03ª Vara Cível - Regional de Santana,Vara Cível
03ª Vara Cível - Regional de Tatuapé,Vara Cível
03ª Vara da Fazenda Pública,Outros
03ª Vara da Fazenda Pública ,Outros
03ª Vara do Juizado Especial,Juizado Especial Cível
03ª Vara do Juizado Especial,Juizado Especial Cível
03ª Vara do Juizado Especial Cível,Juizado Especial Cível
03ª Vara do Juizado Especial Civel ,Juizado Especial Cível
03ª Vara do Sistema dos Juizados ,Juizado Especial Cível
03ª Vara do Sistema dos Juizados Especiais do Consumidor ,Juizado Especial Cível
03ª VSJE de Causas Comum (Matutino),Juizado Especial Cível
03º Juizado Esp. Cível Criminal e da Fazenda Púb. ,Juizado Especial Cível
03º Juizado Especial,Juizado Especial Cível
03º Juizado Especial Cível,Juizado Especial Cível
03º Juizado Especial Cível ,Juizado Especial Cível
03º Juizado Especial Cível e das Rel. de Cons. ,Juizado Especial Cível
03º Juizado Especial Cível e Rel. de Consumo ,Juizado Especial Cível
03º Vara Cível ,Vara Cível
04° Juizado Especial Cível ,Juizado Especial Cível
04° Vara Cível ,Vara Cível
04ª Câmara Cível,Vara Cível
04ª Juizado Especial Cível,Juizado Especial Cível
04ª Turma Recursal,Juizado Especial Cível
04ª Unidade Jurisdicional Cível ,Vara Cível
04ª Unidade Jurisdicional Cível - 10º JD ,Vara Cível
04ª Unidade Jurisdicional Cível - 11º JD ,Vara Cível
04ª Unidade Jurisdicional Cível - 12º JD ,Vara Cível
04ª Vara Cível,Vara Cível
04ª Vara Cível,Vara Cível
04ª Vara Cível ,Vara Cível
04ª Vara Cível - Regional da Barra da Tijuca,Vara Cível
04ª Vara Cível - Regional de Itaquera,Vara Cível
04ª Vara Cível - Regional de Pinheiros,Vara Cível
04ª Vara Cível - Regional de Tatuapé,Vara Cível
04ª Vara da Fazenda Pública,Outros
04ª Vara do Juizado Especial Cível,Juizado Especial Cível
04ª Vara do Sistema dos Juizados ,Juizado Especial Cível
04ª Vara Mista ,Vara Cível
04º Juizado Especial Cível ,Juizado Especial Cível
04º Juizado Especial Cível e das Relações de Consumo ,Juizado Especial Cível
"04º Juizado Especial Cível, Cri e da Fazenda Públ ",Juizado Especial Cível
05° Vara Cível ,Vara Cível
05ª Câmara Cível,Vara Cível
05ª Turma Recursal,Juizado Especial Cível
05ª Unidade Jurisdicional Cível - 13º JD ,Vara Cível
05ª Unidade Jurisdicional Cível - 14º JD ,Vara Cível
05ª Unidade Jurisdicional Cível - 15º JD ,Vara Cível
05ª Vara,Vara Cível
05ª Vara Cível,Vara Cível
05ª Vara Cível,Vara Cível
05ª Vara Cível ,Vara Cível
05ª Vara Cível - Regional da Barra da Tijuca,Vara Cível
05ª Vara Cível - Regional de Santana,Vara Cível
05ª Vara de Relações de Consumo ,Vara Cível
05ª Vara do Juizado Especial,Juizado Especial Cível
05ª Vara do Juizado Especial Cível,Juizado Especial Cível
05ª Vara do Juizado Especial Criminal,Juizado Especial Cível
05ª Vara do Sistema dos Juizados ,Juizado Especial Cível
05ª Vara do Sistema dos Juizados Especiais do Consumidor ,Juizado Especial Cível
05º Juizado Especial Cível,Juizado Especial Cível
05º Juizado Especial Civel ,Juizado Especial Cível
05º Juizado Especial Cível ,Juizado Especial Cível
05º Juizado Especial Cível e das Rel. de Cons. ,Juizado Especial Cível
05º Juizado Especial Federal ,Juizado Especial Cível
05º Vara do juizado especial,Juizado Especial Cível
06° Juizado Especial Cível,Juizado Especial Cível
06ª Câmara Cível,Vara Cível
06ª Turma Recursal,Juizado Especial Cível
06ª Unidade Jurisdicional Cível ,Vara Cível
06ª Unidade Jurisdicional Cível - 16º JD d ,Vara Cível
06ª Unidade Jurisdicional Cível - 18º JD ,Vara Cível
06ª Vara Cível,Vara Cível
06ª Vara Cível ,Vara Cível
06ª Vara Cível - Regional da Barra da Tijuca,Vara Cível
06ª Vara Cível - Regional de Madureira,Vara Cível
06ª Vara Cível - Regional de Santo Amaro,Vara Cível
06ª Vara Cível - Regional do Méier,Vara Cível
06ª Vara Cível da Capital ,Vara Cível
06ª Vara de Feitos Rel. Cons. Cível e Comerciais ,Vara Cível
06ª Vara do Juizado Especial,Juizado Especial Cível
06ª Vara do Juizado Especial Cível,Juizado Especial Cível
06ª Vara do Sistema dos Juizados Especiais de Causas Comuns ,Juizado Especial Cível
06ª Vara do Sistema dos Juizados Especiais do Consumidor ,Juizado Especial Cível
06ª Vara Federal ,Vara Cível
06ª VSJE do Consumidor (Vespertino),Juizado Especial Cível
06º Juizado Especial Cível,Juizado Especial Cível
06º Juizado Especial Cível ,Juizado Especial Cível
06º Juizado Especial Cível e Rel. de Consumo ,Juizado Especial Cível
06º Vara do Juizado Especial Cível,Juizado Especial Cível
07° Juizado Especial Cível ,Juizado Especial Cível
07ª Câmara Cível,Vara Cível
07ª Turma Recursal,Juizado Especial Cível
07ª Vara Cível,Vara Cível
07ª Vara Cível ,Vara Cível
07ª Vara Cível - Regional da Barra da Tijuca,Vara Cível
07ª Vara do Juizado Especial,Juizado Especial Cível
07ª Vara do Juizado Especial Cível,Juizado Especial Cível
07ª Vara do Sistema dos Juizados Especiais do Consumidor ,Juizado Especial Cível
07ª VSJE de Causas Comuns (Matutino) ,Juizado Especial Cível
07º Juizado Especial Cível,Juizado Especial Cível
07º Juizado Especial Civel ,Juizado Especial Cível
07º Juizado Especial Cível ,Juizado Especial Cível
07º Juizado Especial Cível e das Relações de Consumo ,Juizado Especial Cível
07º Juizado Especial Cível e das Relações de Consumo da Capital ,Juizado Especial Cível
07º Vara do Juizado Especial Cível,Juizado Especial Cível
08° Juizado Especial Cível ,Juizado Especial Cível
08ª Câmara Cível,Vara Cível
08ª Turma,Juizado Especial Cível
08ª Turma Recursal,Juizado Especial Cível
08ª Vara Cível,Vara Cível
08ª Vara Cível ,Vara Cível
08ª Vara Cível - Regional de Santo Amaro,Vara Cível
08ª Vara do Juizado Especial,Juizado Especial Cível
08ª Vara do Juizado Especial Cível,Juizado Especial Cível
08ª Vara do Sistema dos Juizados Especiais do Consumidor ,Juizado Especial Cível
08º Juizado especial cível,Juizado Especial Cível
08º Juizado Especial Civel ,Juizado Especial Cível
08º Juizado Especial Cível ,Juizado Especial Cível
08º Juizado Especial Cível e das Relações de Cons. ,Juizado Especial Cível
08º Vara do Juizado Especial,Juizado Especial Cível
08º Vara do Juizado Especial Cível,Juizado Especial Cível
09° Juizado Especial Cível ,Juizado Especial Cível
09ª Câmara Cível,Vara Cível
09ª Turma Recursal,Juizado Especial Cível
09ª Unidade Jurisdicional Cível ,Vara Cível
09ª Unidade Jurisdicional Cível - 25º JD ,Vara Cível
09ª Unidade Jurisdicional Cível - 25º JD d ,Vara Cível
09ª Unidade Jurisdicional Cível - 26º JD ,Vara Cível
09ª Unidade Jurisdicional Cível - 27º JD ,Vara Cível
09ª Unidade Jurisdicional Cível - 27º JD d ,Vara Cível
09ª Vara Cível,Vara Cível
09ª Vara Cível ,Vara Cível
09ª Vara de Relações de Consumo ,Vara Cível
09ª Vara do Juizado Especial Cível,Juizado Especial Cível
09ª Vara do Sistema dos Juizados Especiais do Consumidor ,Juizado Especial Cível
09º Juizado Esp Cível e Crim do FRReg do 4º Dist ,Vara Cível
09º Juizado Especial Civel ,Juizado Especial Cível
09º Juizado Especial Cível ,Juizado Especial Cível
09º Juizado Especial Civel - Regional do 4º Distrito,Juizado Especial Cível
09º Juizado Especial Cível e Criminal,Juizado Especial Cível
09º Juizado Especial Cível e das Rel. de Cons. ,Juizado Especial Cível
09º Vara do Juizado Especial Cível,Juizado Especial Cível
1.ª VARA DOS FEITOS DE REL. DE CONSUMO,Vara Cível
1.º JUIZADO ESPECIAL,Juizado Especial Cível
1° CEJUSC,Juizado Especial Cível
1° Juizado Especial Cível,Juizado Especial Cível
1° JUIZADO ESPECIAL CÍVEL,Juizado Especial Cível
1° Juizado Especial Cível E Criminal,Juizado Especial Cível
1° Vara,Vara Cível
1° Vara Cível,Vara Cível
1° Vara De Família,Vara Cível
1° Vara Do Juizado Especial Cível,Juizado Especial Cível
1° Vara Dos Juizados Especiais Do Consumidor,Juizado Especial Cível
1° Vara Única,Vara Cível
10° CEJUSC,Juizado Especial Cível
10° Juizado Especial Cível,Juizado Especial Cível
10° Juizado Especial Cível,Juizado Especial Cível
10° Juizado Especial Cível E Criminal,Juizado Especial Cível
10° Vara Cível,Vara Cível
10°Vara do Juizado Especial Central ,Juizado Especial Cível
10ª Câmara Cível,Vara Cível
10ª Juizado Especial Cível ,Juizado Especial Cível
10ª Turma,Juizado Especial Cível
10ª UNIDADE DO JUIZADO ESPECIAL CÍVEL E CRIMINAL,Juizado Especial Cível
10ª Unidade Jurisdicional Cível ,Vara Cível
10ª Unidade Jurisdicional Cível - 28º JD ,Vara Cível
10ª Unidade Jurisdicional Cível - 28º JD da Comarca de Belo Horizonte,Vara Cível
10ª Unidade Jurisdicional Cível - 29º JD ,Vara Cível
10ª Unidade Jurisdicional Cível - 29º JD da Comarca de Belo Horizonte,Vara Cível
10ª Unidade Jurisdicional Cível - 30º JD ,Vara Cível
10ª Unidade Jurisdicional Cível - 30º JD da comarca de Belo Horizonte,Vara Cível
10ª VARA CÍVEL,Vara Cível
10ª Vara Cível,Vara Cível
10ª Vara Cível ,Vara Cível
10ª VARA CÍVEL DE ACIDENTES DO TRABALHO,Outros
10ª VARA DO JUIZADO ESPECIAL,Juizado Especial Cível
10ª Vara do Juizado Especial Central,Juizado Especial Cível
10ª VARA DO JUIZADO ESPECIAL CÍVEL,Juizado Especial Cível
10ª Vara do Juizado Especial Cível,Juizado Especial Cível
10ª Vara do Sistema dos Juizados Especiais do Consumidor ,Juizado Especial Cível
10ª VARA DOS FEITOS RELATIVO ÀS REL. DE CONSUMO,Vara Cível
10ª VSJE DO CONSUMIDOR (IMBUÍ VESPERTINO),Juizado Especial Cível
10ª VSJE DO CONSUMIDOR (UNIJORGE VESPERTINO),Juizado Especial Cível
10º Juiz. Esp. Cível e das Rel. de Consumo ,Juizado Especial Cível
10º JUIZADO ESPECIAL CÍVEL,Juizado Especial Cível
10º Juizado Especial Cível,Juizado Especial Cível
10º Juizado Especial Civel ,Juizado Especial Cível
10º JUIZADO ESPECIAL CÍVEL - CORDEIRO,Juizado Especial Cível
10º Juizado especial cível e criminal,Juizado Especial Cível
10º Juizado Especial Cível e das Relações de Cons. ,Juizado Especial Cível
10º JUIZADO ESPECIAL DAS RELAÇÕES DE CONSUMO,Juizado Especial Cível
10º Vara do Juizado Especial Cível,Juizado Especial Cível
11° Juizado Especial Cível,Juizado Especial Cível
11° Juizado Especial Cível ,Juizado Especial Cível
11° Juizado Especial Cível E Criminal,Juizado Especial Cível
11° Vara Cível,Vara Cível
11° Vara Dos Juizados Especiais Do Consumidor,Juizado Especial Cível
11ª Câmara Cível,Vara Cível
11ª Câmara de Direito Privado,Vara Cível
"11ª Turma - Segunda Seção - Administrativa, Cível e Comercial",Juizado Especial Cível
11ª UNIDADE DO JUIZADO ESPECIAL CÍVEL E CRIMINAL,Juizado Especial Cível
11ª Unidade Jurisd Cível - Barreiro - 34º JD ,Vara Cível
11ª Unidade Jurisdicional Cível - Barreiro  34º JD ,Vara Cível
11ª Unidade Jurisdicional Cível - Barreiro - 34º JD da Comarca de Belo Horizonte,Vara Cível
11ª VARA CÍVEL,Vara Cível
11ª Vara Cível,Vara Cível
11ª Vara Cível ,Vara Cível
11ª VARA CÍVEL DE ACIDENTES DO TRABALHO,Outros
11ª Vara Cível e de Acidentes de Trabalho ,Outros
11ª VARA DE FAMÍLIA,Vara Cível
11ª Vara De Relações De Consumo ,Vara Cível
11ª VARA DO JUIZADO ESPECIAL,Juizado Especial Cível
11ª Vara do Juizado Especial Central ,Juizado Especial Cível
11ª VARA DO JUIZADO ESPECIAL CÍVEL,Juizado Especial Cível
11ª Vara do Juizado Especial Cível,Juizado Especial Cível
11ª Vara do Sistema dos Juizados Especiais do Consumidor ,Juizado Especial Cível
11ª VARA DOS FEITOS RELATIVO ÀS REL. DE CONSUMO,Vara Cível
11ª Vara Federal de Curitiba,Vara Cível
11ª VSJE DO CONSUMIDOR (FEDERAÇÃO MATUTINO),Juizado Especial Cível
11ª VSJE do Consumidor (Matutino) ,Juizado Especial Cível
11º JUIZADO ESPECIAL CÍVEL,Juizado Especial Cível
11º JUIZADO ESPECIAL CÍVEL,Juizado Especial Cível
11º Juizado Especial Cível,Juizado Especial Cível
11º Juizado Especial Civel ,Juizado Especial Cível
11º Juizado Especial Cível ,Juizado Especial Cível
11º JUIZADO ESPECIAL CÍVEL - CASA AMARELA,Juizado Especial Cível
11º Juizado Especial Civel - Regional de Leopoldina,Juizado Especial Cível
11º Juizado Especial Cível e das Relações de Consumo ,Juizado Especial Cível
11º JUIZADO ESPECIAL CÍVEL E RELAÇÕES DE CONSUMO,Juizado Especial Cível
11º Vara do Juizado Especial Cível,Juizado Especial Cível
12° Juizado Especial Cível,Juizado Especial Cível
12° Vara,Vara Cível
12° Vara Cível,Vara Cível
12° Vara Dos Juizados Especiais Do Consumidor,Juizado Especial Cível
12ª Câmara Cível,Vara Cível
12ª Câmara de Direito Privado,Vara Cível
12ª UNIDADE DO JUIZADO ESPECIAL CÍVEL E CRIMINAL,Juizado Especial Cível
12ª VARA CÍVEL,Vara Cível
12ª Vara Cível,Vara Cível
12ª Vara Cível ,Vara Cível
12ª Vara Cível - Foro Central Cível,Vara Cível
12ª VARA DO JUIZADO ESPECIAL CÍVEL,Juizado Especial Cível
12ª Vara do Juizado Especial Cível,Juizado Especial Cível
12ª Vara do Juizado Especial Cível ,Juizado Especial Cível
12ª Vara do Sistema dos Juizados Especiais do Consumidor ,Juizado Especial Cível
12ª VARA DOS FEITOS RELATIVOS ÀS REL. CONSUMO,Vara Cível
12ª VSJE DO CONSUMIDOR (FEDERAÇÃO VESPERTINO),Juizado Especial Cível
12ª VSJE DO CONSUMIDOR (VESPERTINO),Juizado Especial Cível
12º JUIZADO ESPECIAL CÍVEL,Juizado Especial Cível
12º JUIZADO ESPECIAL CÍVEL,Juizado Especial Cível
12º Juizado Especial Cível ,Juizado Especial Cível
12º Juizado Especial Cível - Regional do Méier,Juizado Especial Cível
12º JUIZADO ESPECIAL CÍVEL DAS RELAÇÕES DE CONSUMO,Juizado Especial Cível
12º Juizado Especial Cível e das Relações de Cons. ,Juizado Especial Cível
12º Vara do Juizado Especial Cível,Juizado Especial Cível
13° Juizado Especial Cível,Juizado Especial Cível
13° Vara,Vara Cível
13° Vara Cível,Vara Cível
13° Vara Dos Juizados Especiais Do Consumidor,Juizado Especial Cível
13ª Câmara Cível,Vara Cível
13ª Câmara de Direito Privado,Vara Cível
13ª Juizado Especial Cível ,Juizado Especial Cível
13ª UNIDADE DO JUIZADO ESPECIAL CÍVEL E CRIMINAL,Juizado Especial Cível
13ª VARA CÍVEL,Vara Cível
13ª VARA CÍVEL,Vara Cível
13ª Vara Cível,Vara Cível
13ª Vara Cível ,Vara Cível
13ª Vara Cível - Regional de Santo Amaro,Vara Cível
13ª VARA CÍVEL DE ACIDENTES DO TRABALHO,Outros
13ª VARA CRIMINAL,Vara Cível
13ª Vara de Fazenda Pública,Outros
13ª Vara de Relações de Consumo ,Vara Cível
13ª VARA DO JUIZADO ESPECIAL CÍVEL,Juizado Especial Cível
13ª Vara do Juizado Especial Cível,Juizado Especial Cível
13ª Vara do Sistema dos Juizados Especiais do Consumidor ,Juizado Especial Cível
13ª VARA DOS FEITOS DE RELAÇÃO DE CONSUMO CÍVEIS,Vara Cível
13ª Vara Federal de Porto Alegre,Vara Cível
13ª VSJE DO CONSUMIDOR (FEDERAÇÃO MATUTINO),Juizado Especial Cível
13ª VSJE DO CONSUMIDOR (MATUTINO),Juizado Especial Cível
13º Juizado Esp. Cível e das Rel. de Consumo ,Juizado Especial Cível
13º JUIZADO ESPECIAL CÍVEL,Juizado Especial Cível
13º Juizado Especial Cível,Juizado Especial Cível
13º Juizado Especial Civel ,Juizado Especial Cível
13º Juizado Especial Civel - Regional do Méier,Juizado Especial Cível
13º JUIZADO ESPECIAL CÍVEL DAS RELAÇÕES DE CONSUMO,Juizado Especial Cível
13º JUIZADO ESPECIAL CÍVEL E REALAÇÕES DE CONSUMO,Juizado Especial Cível
13º JUIZADO ESPECIAL CRIMINAL,Juizado Especial Cível
13º JUIZADO ESPECIALCÍVEL,Juizado Especial Cível
14 Juizado Especial Cível ,Juizado Especial Cível
14° Juizado Especial Cível,Juizado Especial Cível
14° Vara Cível,Vara Cível
14° Vara Dos Juizados Especiais Do Consumidor,Juizado Especial Cível
14°Juizado Especial Cível e das Relações de Consumo da Capital ,Juizado Especial Cível
14ª Câmara Cível,Vara Cível
14ª Câmara de Direito Privado,Vara Cível
14ª UNIDADE DO JUIZADO ESPECIAL CÍVEL E CRIMINAL,Juizado Especial Cível
14ª VARA CÍVEL,Vara Cível
14ª Vara Cível,Vara Cível
14ª Vara Cível ,Vara Cível
14ª Vara Cível - Regional de Santo Amaro,Vara Cível
14ª Vara Cível e Ambiental,Vara Cível
14ª VARA DO JUIZADO ESPECIAL CÍVEL,Juizado Especial Cível
14ª Vara do Juizado Especial Cível,Juizado Especial Cível
14ª Vara do Sistema dos Juizados Especiais do Consumidor ,Juizado Especial Cível
14ª VARA DOS FEITOS RELATIVO ÀS REL. DE CONSUMO,Vara Cível
14ª VSJE DO CONSUMIDOR (FEDERAÇÃO VESPERTINO),Juizado Especial Cível
14ª VSJE DO CONSUMIDOR (IMBUÍ VESPERTINO),Juizado Especial Cível
14ª VSJE DO CONSUMIDOR (VESPERTINO),Juizado Especial Cível
14º JUIZADO ESPECIAL CÍVEL,Juizado Especial Cível
14º Juizado Especial Cível,Juizado Especial Cível
14º Juizado Especial Cível,Juizado Especial Cível
14º Juizado Especial Cível ,Juizado Especial Cível
14º Juizado Especial Cível - Regional de Jacarepaguá,Juizado Especial Cível
14º JUIZADO ESPECIAL CÍVEL - UNIVERSO,Juizado Especial Cível
14º Juizado Especial Cível e das Rel. de Cons. ,Juizado Especial Cível
14º JUIZADO ESPECIAL DAS RELAÇÕES DE CONSUMO,Juizado Especial Cível
14º Vara do Juizado Especial Cível,Juizado Especial Cível
14º° Juizado Especial Cível,Juizado Especial Cível
15° Juizado Especial Cível,Juizado Especial Cível
15° Juizado Especial Cível E Criminal,Juizado Especial Cível
15° Juizado Especial Cível e das Relações de Consumo da Capital ,Juizado Especial Cível
15° Vara Cível,Vara Cível
15° Vara Do Juizado Especial Cível,Juizado Especial Cível
15° Vara Dos Juizados Especiais Do Consumidor,Juizado Especial Cível
15ª Câmara Cível,Vara Cível
15ª Câmara de Direito Privado,Vara Cível
15ª UNIDADE DO JUIZADO ESPECIAL CÍVEL E CRIMINAL,Juizado Especial Cível
15ª VARA CÍVEL,Vara Cível
15ª Vara Cível,Vara Cível
15ª Vara Cível ,Vara Cível
15ª Vara Cível e de Acidentes de Trabalho ,Outros
15ª VARA DO JUIZADO ESPECIAL CÍVEL,Juizado Especial Cível
15ª Vara do Juizado Especial Cível,Juizado Especial Cível
15ª Vara do Sistema dos Juizados Especiais do Consumidor ,Juizado Especial Cível
15ª VARA DOS FEITOS DE RELAÇÃO DE CONSUMO CÍVEIS,Vara Cível
15ª VSJE DO CONSUMIDOR (IMBUI MATUTINO),Juizado Especial Cível
15ª VSJE DO CONSUMIDOR (UNIVERSO MATUTINO),Juizado Especial Cível
15º JUIZADO ESPECIAL CÍVEL,Juizado Especial Cível
15º Juizado Especial Civel ,Juizado Especial Cível
15º JUIZADO ESPECIAL CÍVEL - PINA,Juizado Especial Cível
15º Juizado Especial Civel - Regional de Madureira,Juizado Especial Cível
15º JUIZADO ESPECIAL CRIMINAL,Juizado Especial Cível
15º JUIZADO ESPECIAL DAS RELAÇÕES DE CONSUMO,Juizado Especial Cível
15º Vara do Juizado Especial Cível,Juizado Especial Cível
16 VSJE do Consumidor (Vespertino),Juizado Especial Cível
16° Juizado Especial Cível,Juizado Especial Cível
16° Vara Cível,Vara Cível
16° Vara Dos Juizados Especiais Do Consumidor,Juizado Especial Cível
16ª Câmara Cível,Vara Cível
16ª UNIDADE DO JUIZADO ESPECIAL CÍVEL E CRIMINAL,Juizado Especial Cível
16ª VARA CÍVEL,Vara Cível
16ª Vara Cível,Vara Cível
16ª Vara Cível ,Vara Cível
16ª VARA CÍVEL DE ACIDENTES DO TRABALHO,Outros
16ª Vara Cível de Brasília ,Vara Cível
16ª Vara Cível e de Acidentes de Trabalho ,Outros
16ª Vara de Relações de Consumo ,Vara Cível
16ª VARA DO JUIZADO ESPECIAL CÍVEL,Juizado Especial Cível
16ª Vara do Juizado Especial Cível,Juizado Especial Cível
16ª Vara do Juizado Especial Criminal,Juizado Especial Cível
16ª Vara do Sistema dos Juizados Especiais do Consumidor ,Juizado Especial Cível
16ª VARA DOS FEITOS RELATIVO ÀS REL. DE CONSUMO,Vara Cível
16ª VSJE DO CONSUMIDOR (UNIVERSO VESPERTINO),Juizado Especial Cível
16ª VSJE DO CONSUMIDOR (VESPERTINO),Juizado Especial Cível
16º JUIZADO ESPECIAL CÍVEL,Juizado Especial Cível
16º Juizado Especial Civel ,Juizado Especial Cível
16º Juizado Especial Cível ,Juizado Especial Cível
16º Juizado Especial Civel - Regional de Jacarepaguá,Juizado Especial Cível
16º JUIZADO ESPECIAL CÍVEL - UNICAP,Juizado Especial Cível
16º Juizado Especial Cível e das Relações de Cons. ,Juizado Especial Cível
16º JUIZADO ESPECIAL DAS RELAÇÕES DE CONSUMO,Juizado Especial Cível
17 VARA DO JUIZADO ESPECIAL CÍVEL,Juizado Especial Cível
17° Consumidor.gov,Outros
17° Juizado Especial Cível,Juizado Especial Cível
17° Juizado Especial Cível E Criminal,Juizado Especial Cível
17° Vara Cível,Vara Cível
17° Vara Dos Juizados Especiais Do Consumidor,Juizado Especial Cível
17ª Câmara Cível,Vara Cível
17ª UNIDADE DO JUIZADO ESPECIAL CÍVEL E CRIMINAL,Juizado Especial Cível
17ª VARA CÍVEL,Vara Cível
17ª Vara Cível,Vara Cível
17ª Vara Cível ,Vara Cível
17ª Vara do Juizado Especial Cível,Juizado Especial Cível
17ª Vara do Sistema dos Juizados Especiais do Consumidor ,Juizado Especial Cível
17ª VARA DOS FEITOS RELATIVO ÀS REL. DE CONSUMO,Vara Cível
17ª VSJE DO CONSUMIDOR (IMBUÍ MATUTINO),Juizado Especial Cível
17ª VSJE DO CONSUMIDOR (UNIVERSO MATUTINO),Juizado Especial Cível
17º Juizado Esp. Cível e das Rel. de Consumo ,Juizado Especial Cível
17º Juizado Especial Civel ,Juizado Especial Cível
17º Juizado Especial Cível ,Juizado Especial Cível
17º JUIZADO ESPECIAL CÍVEL - FIR,Juizado Especial Cível
17º Juizado Especial Civel - Regional de Bangu,Juizado Especial Cível
17º JUIZADO ESPECIAL DAS RELAÇÕES DE CONSUMO,Juizado Especial Cível
17º Vara do Juizado Especial Cível ,Juizado Especial Cível
18° Juizado Especial Cível,Juizado Especial Cível
18° Vara Cível,Vara Cível
18° Vara Dos Juizados Especiais Do Consumidor,Juizado Especial Cível
18ª Câmara Cível,Vara Cível
18ª Câmara de Direito Privado,Vara Cível
18ª UNIDADE DO JUIZADO ESPECIAL CÍVEL E CRIMINAL,Juizado Especial Cível
18ª VARA CÍVEL,Vara Cível
18ª Vara Cível,Vara Cível
18ª Vara Cível ,Vara Cível
18ª VARA CÍVEL DE ACIDENTES DO TRABALHO,Outros
18ª Vara do Juizado Especial Cível,Juizado Especial Cível
18ª Vara dos Feitos de Rel de Cons Civ e Comerciais ,Vara Cível
18ª VARA DOS FEITOS RELATIVO ÀS REL. DE CONSUMO,Vara Cível
18ª VSJE DO CONSUMIDOR (UNIVERSO VESPERTINO),Juizado Especial Cível
18ª VSJE do Consumidor (Vespertino),Juizado Especial Cível
18º Juizado Especial Cível,Juizado Especial Cível
18º Juizado Especial Civel ,Juizado Especial Cível
18º JUIZADO ESPECIAL CÍVEL - MARISTA,Juizado Especial Cível
18º Juizado Especial Civel - Regional de Campo Grande,Juizado Especial Cível
18º Juizado Especial Cível e das Relações de Consumo da Capital - Turno Tarde ,Juizado Especial Cível
18º JUIZADO ESPECIAL CRIMINAL,Juizado Especial Cível
18º vara cível e ambiental,Vara Cível
18º Vara do Juizado Especial Cível,Juizado Especial Cível
19° Juizado Especial Cível,Juizado Especial Cível
19° Vara Cível,Vara Cível
19° Vara Dos Juizados Especiais Do Consumidor,Juizado Especial Cível
19ª Câmara de Direito Privado,Vara Cível
19ª Juizado Especial,Juizado Especial Cível
19ª UNIDADE DO JUIZADO ESPECIAL CÍVEL E CRIMINAL,Juizado Especial Cível
19ª VARA CÍVEL,Vara Cível
19ª Vara Cível,Vara Cível
19ª Vara Cível ,Vara Cível
19ª VARA DOS FEITOS RELATIVO ÀS REL. DE CONSUMO,Vara Cível
19ª VSJE do Consumidor ,Juizado Especial Cível
19ª VSJE DO CONSUMIDOR (MATUTINO),Juizado Especial Cível
19º JUIZADO ESPECIAL CÍVEL,Juizado Especial Cível
19º Unidade do Juizado Especial Cível ,Juizado Especial Cível
1ª ESCRIVANIA CÍVEL,Vara Cível
1ª Turma,Juizado Especial Cível
1ª UJ - 1º JD Cível ,Vara Cível
1ª UJ - 2º JD CÍVEL ,Vara Cível
1ª UJ - 3º JD CÍVEL ,Vara Cível
1ª UNIDADE DO JUIZADO ESPECIAL CÍVEL E CRIMINAL,Juizado Especial Cível
1ª Unidade Jurisdicional - 1º JD da Comarca de Governador Valadares,Vara Cível
1ª Unidade Jurisdicional - 1º JD da Comarca de Juiz de Fora,Vara Cível
1ª Unidade Jurisdicional - 1º JD da Comarca de Uberaba,Vara Cível
1ª Unidade Jurisdicional - 2º JD da Comarca de Montes Claros,Vara Cível
1ª Unidade Jurisdicional - 3º JD ,Vara Cível
1ª Unidade Jurisdicional - JESP - 1º JD Contagem,Vara Cível
1ª Unidade Jurisdicional - JESP - 1º JD Contagem,Vara Cível
1ª Unidade Jurisdicional Cível - 1º JD da Comarca de Belo Horizonte,Vara Cível
1ª Unidade Jurisdicional Cível - 2º JD da Comarca de Belo Horizonte,Vara Cível
1ª Unidade Jurisdicional Cível - 3º JD da Comarca de Belo Horizonte,Vara Cível
1ª V DOS FEITOS DE REL DE CONS E COMERCIAIS,Vara Cível
1ª VARA,Vara Cível
1ª VARA,Vara Cível
1ª Vara,Vara Cível
1ª VARA CÍVEL,Vara Cível
1ª VARA CÍVEL,Vara Cível
1ª VARA CÍVEL,Vara Cível
1ª Vara Cível,Vara Cível
1ª Vara Cível ,Vara Cível
1ª VARA CÍVEL (JUIZADO ESPECIAL CÍVEL),Juizado Especial Cível
1ª VARA CÍVEL DE ACIDENTES DO TRABALHO,Outros
1ª VARA CÍVEL DE FAMÍLIA E DE ÓRFÃOS E SUCESSÕES,Vara Cível
1ª VARA CÍVEL E CRIMINAL DE ITAPEVI,Vara Cível
1ª VARA CÍVEL E DA FAZENDA PÚBLICA,Outros
"1ª VARA CÍVEL, CRIMINAL E DE EXECUÇÕES CRIMINAIS",Vara Cível
"1ª VARA CÍVEL, CRIMINAL E EXECUÇÕES PENAIS",Vara Cível
1ª VARA CRIMINAL,Vara Cível
1ª Vara da Fazenda pública,Outros
1ª VARA DAS REL. DE CONSUMO CÍVEIS E COMERCIAIS,Vara Cível
1ª VARA DE EXECUÇÕES FISCAIS E PRECATÓRIAS CÍVEIS,Vara Cível
1ª VARA DE FEITOS DE REL. CONS. CÍVEL E COMERCIAIS,Vara Cível
1ª VARA DE FEITOS DE RELAÇÃO DE CONSUMO,Vara Cível
1ª Vara Descentralizada,Vara Cível
1ª Vara Descentralizada da Cidade Industrial de Curitiba,Vara Cível
1ª Vara Descentralizada de Santa Felicidade,Vara Cível
1ª Vara Descentralizada do Boqueirão - Juizado Especial Cível,Juizado Especial Cível
1ª Vara Descentralizada do Pinheirinho,Vara Cível
1ª VARA DO JEC,Juizado Especial Cível
1ª VARA DO JUIZADO ESPECIAL,Juizado Especial Cível
1ª VARA DO JUIZADO ESPECIAL,Juizado Especial Cível
1ª Vara do Juizado Especial,Juizado Especial Cível
1ª VARA DO JUIZADO ESPECIAL CIVEL,Juizado Especial Cível
1ª VARA DO JUIZADO ESPECIAL CÍVEL,Juizado Especial Cível
1ª VARA DO JUIZADO ESPECIAL CÍVEL,Juizado Especial Cível
1ª Vara Do Juizado Especial Cível,Juizado Especial Cível
1ª Vara do Juizado Especial Cível - Fórum Regional IV - Lapa,Juizado Especial Cível
1ª VARA DO JUIZADO ESPECIAL CÍVEL E CRIMINAL,Juizado Especial Cível
1ª VARA DO SISTEMA DOS JUIZADOS,Juizado Especial Cível
1ª Vara do Sistema dos Juizados ,Juizado Especial Cível
1ª VARA DOS FEITOS DE REL. DE CONS E COMERCIAIS,Vara Cível
1ª VARA DOS FEITOS RELATIVOS ÀS REL. DE CONSUMO,Vara Cível
1ª VARA ESPECIALIZADA DE DEFESA DO CONSUMIDOR,Vara Cível
1ª VARA FEITOS REL. DE CONSUMO CÍVEL E COMERCIAIS,Vara Cível
1ª VARA GENÉRICA,Vara Cível
1ª VSJE DO CONSUMIDOR (BROTAS MATUTINO),Juizado Especial Cível
1ª VSJE DO CONSUMIDOR (FEDERAÇÃO MATUTINO),Juizado Especial Cível
1ª VSJE DO CONSUMIDOR (IMBUI MATUTINO),Juizado Especial Cível
1ª VSJE DO CONSUMIDOR (MATUTINO),Juizado Especial Cível
1º,Não informado
1º JUIZADO CÍVEL DE CAUSAS COMUNS - MATUTINO,Vara Cível
"1º JUIZADO ESP. CÍVEL, PENAL E DA FAZENDA PÚBLICA",Outros
1º JUIZADO ESPECIAL,Juizado Especial Cível
1º JUIZADO ESPECIAL CIVEL,Juizado Especial Cível
1º JUIZADO ESPECIAL CÍVEL,Juizado Especial Cível
1º JUIZADO ESPECIAL CÍVEL,Juizado Especial Cível
1º Juizado Especial Cível,Juizado Especial Cível
1º Juizado Especial Cível - Fórum Regional da Lapa - IV,Juizado Especial Cível
1º JUIZADO ESPECIAL CÍVEL - IMBIRIBEIRA,Juizado Especial Cível
1º Juizado Especial Cível - Vergueiro,Juizado Especial Cível
1º JUIZADO ESPECIAL CÍVEL (MATÉRIA BANCÁRIA),Juizado Especial Cível
1º JUIZADO ESPECIAL CÍVEL DA REGIÃO SUL,Juizado Especial Cível
1º JUIZADO ESPECIAL CÍVEL E CRIMINAL,Juizado Especial Cível
1º Juizado Especial Cível e Criminal,Juizado Especial Cível
1º Juizado Especial Cível e das Relações de Consumo ,Juizado Especial Cível
"1º Juizado Especial Cível, Criminal e da Faz Púb ",Juizado Especial Cível
1º JUIZADO ESPECIAL CRIMINAL/FAZ. PÚBLICA,Juizado Especial Cível
1º JUIZADO ESPECIAL DAS RELAÇÕES DE CONSUMO,Juizado Especial Cível
1º VARA CÍVEL,Vara Cível
1º° Juizado Especial Cível,Juizado Especial Cível
2.ª VARA DOS FEITOS DE REL. DE CONSUMO,Vara Cível
2° JEC ,Juizado Especial Cível
2° Juizado Especial Cível,Juizado Especial Cível
2° Juizado Especial Cível - Regional Vergueiro,Juizado Especial Cível
2° Juizado Especial Cível E Criminal,Juizado Especial Cível
2° Vara,Vara Cível
2° Vara Cível,Vara Cível
2° Vara Do Juizado Especial Cível,Juizado Especial Cível
2° Vara Dos Juizados Especiais Do Consumidor,Juizado Especial Cível
2° Vara Única,Vara Cível
2°Vara do Juizado Especial Central ,Juizado Especial Cível
20° Juizado Especial Cível,Juizado Especial Cível
20° Vara Cível,Vara Cível
20° Vara Dos Juizados Especiais Do Consumidor,Juizado Especial Cível
20ª Câmara Cível,Vara Cível
20ª Câmara de Direito Privado,Vara Cível
20ª VARA CÍVEL,Vara Cível
20ª VARA CÍVEL,Vara Cível
20ª Vara Cível,Vara Cível
20ª Vara Cível ,Vara Cível
20ª Vara Cível - Foro Central Cível,Vara Cível
20ª VARA CÍVEL DE ACIDENTES DO TRABALHO,Outros
20ª Vara de Relações de Consumo ,Vara Cível
20ª VARA DO JUIZADO ESPECIAL CÍVEL,Juizado Especial Cível
20ª Vara do Juizado Especial Cível,Juizado Especial Cível
20ª VARA DOS FEITOS RELATIVO ÀS REL. DE CONSUMO,Vara Cível
20ª VSJE DO CONSUMIDOR (IMBUI VESPERTINO),Juizado Especial Cível
20ª VSJE do Consumidor (Vespertino),Juizado Especial Cível
20º Juizado Especial Cível ,Juizado Especial Cível
20º Juizado Especial Cível - Regional da Ilha do Governador,Juizado Especial Cível
21° Juizado Especial Cível,Juizado Especial Cível
21° Vara Cível,Vara Cível
21ª Câmara de Direito Privado,Vara Cível
21ª VARA CÍVEL,Vara Cível
21ª Vara Cível,Vara Cível
21ª Vara Cível ,Vara Cível
21ª VARA DO JUIZADO ESPECIAL CÍVEL,Juizado Especial Cível
21ª Vara do Juizado Especial Cível,Juizado Especial Cível
21º JUIZADO ESPECIAL CÍVEL,Juizado Especial Cível
21º Juizado Especial Cível,Juizado Especial Cível
21º Juizado Especial Cível ,Juizado Especial Cível
21º Juizado Especial Cível e das Relações de Consumo ,Juizado Especial Cível
21º JUIZADO ESPECIAL DAS RELAÇÕES DE CONSUMO,Juizado Especial Cível
21º UNIDADE DO JUIZADO ESPECIAL CÍVEL E CRIMINAL,Juizado Especial Cível
21º° Juizado Especial Cível,Juizado Especial Cível
22° Juizado Especial Cível,Juizado Especial Cível
22° Vara Cível,Vara Cível
22ª UNIDADE DO JUIZADO ESPECIAL CÍVEL E CRIMINAL,Juizado Especial Cível
22ª VARA CÍVEL,Vara Cível
22ª VARA CÍVEL,Vara Cível
22ª Vara Cível,Vara Cível
22ª Vara Cível ,Vara Cível
22º JUIZADO ESPECIAL CÍVEL,Juizado Especial Cível
22º Juizado Especial Cível ,Juizado Especial Cível
22º Juizado Especial Cível e das Rel. de Cons. ,Juizado Especial Cível
23 Vara Cível,Vara Cível
23° Juizado Especial Cível,Juizado Especial Cível
23° Vara Cível,Vara Cível
23ª Câmara de Direito Privado,Vara Cível
23ª VARA CÍVEL,Vara Cível
23ª VARA CÍVEL,Vara Cível
23ª Vara Cível,Vara Cível
23ª Vara Cível ,Vara Cível
23ª Vara do Juizado Especial Cível,Juizado Especial Cível
23ª VARA FEDERAL,Vara Cível
23º Juizado Esp. Cível e Rel. de Cons. da Capital ,Juizado Especial Cível
23º JUIZADO ESPECIAL CÍVEL,Juizado Especial Cível
23º Juizado Especial Cível ,Juizado Especial Cível
23º UNIDADE DO JUIZADO ESPECIAL CÍVEL E CRIMINAL,Juizado Especial Cível
24° Juizado Especial Cível,Juizado Especial Cível
24° Vara Cível,Vara Cível
24ª Câmara de Direito Privado,Vara Cível
24ª Juizado Especial Cível ,Juizado Especial Cível
24ª UNIDADE DO JUIZADO ESPECIAL CÍVEL E CRIMINAL,Juizado Especial Cível
24ª VARA CÍVEL,Vara Cível
24ª Vara Cível,Vara Cível
24ª Vara Cível ,Vara Cível
24º Juizado Especial Cível e das Relações de Cons. ,Juizado Especial Cível
25° Juizado Especial Cível,Juizado Especial Cível
25° Juizado Especial Cível - Regional de Pavuna,Juizado Especial Cível
25° Vara Cível,Vara Cível
25ª Câmara Cível,Vara Cível
25ª VARA CÍVEL,Vara Cível
25ª Vara Cível,Vara Cível
25ª Vara Cível ,Vara Cível
25ª Vara do Juizado Especial Cível,Juizado Especial Cível
25º JUIZADO DAS RELAÇÕES DE CONSUMO,Juizado Especial Cível
25º Juizado Especial Cível ,Juizado Especial Cível
25º Juizado Especial Cível - Regional da Pavuna,Juizado Especial Cível
25º Juizado Especial Cível e Relações de Consumo ,Juizado Especial Cível
25º Vara do Juizado Especial Cível,Juizado Especial Cível
26° Juizado Especial Cível,Juizado Especial Cível
26° Vara Cível,Vara Cível
26ª VARA CÍVEL,Vara Cível
26ª Vara Cível,Vara Cível
26ª Vara Cível ,Vara Cível
26ª Vara do Juizado Especial Cível,Juizado Especial Cível
26º Juizado Especial Civel ,Juizado Especial Cível
26º Juizado Especial Civel - Regional de Campo Grande,Juizado Especial Cível
26º Vara do Juizado Especial Cível,Juizado Especial Cível
27° Juizado Especial Cível,Juizado Especial Cível
27° Vara Cível,Vara Cível
27ª VARA CÍVEL,Vara Cível
27ª Vara Cível,Vara Cível
27ª Vara Cível ,Vara Cível
27ª Vara do Juizado Especial Cível,Juizado Especial Cível
27º Juizado Especial Cível ,Juizado Especial Cível
27º Vara do Juizado Especial Cível,Juizado Especial Cível
28° Vara Cível,Vara Cível
28ª VARA CÍVEL,Vara Cível
28ª Vara Cível,Vara Cível
28ª Vara Cível ,Vara Cível
28ª Vara Federal ,Vara Cível
28ª Vara Federal de Juizado Especial Cível da SJMG ,Juizado Especial Cível
29° Juizado Especial Cível,Juizado Especial Cível
29° Juizado Especial Civel ,Juizado Especial Cível
29° Vara Cível,Vara Cível
29ª Camara Cível,Vara Cível
29ª VARA CÍVEL,Vara Cível
29ª Vara Cível,Vara Cível
29ª Vara Cível ,Vara Cível
29ª Vara do Juizado Especial Cível,Juizado Especial Cível
29ª Vara Federal de Belo Horizonte (Juizado Especial Cível),Juizado Especial Cível
2ª JUIZADO ESPECIAL CÍVEL,Juizado Especial Cível
2ª Turma Recursal Cível,Juizado Especial Cível
2ª UJ - 3º JD CÍVEL ,Vara Cível
2ª UJ-3ºJD Cível ,Vara Cível
2ª UNIDADE DO JUIZADO ESPECIAL CÍVEL E CRIMINAL,Juizado Especial Cível
2ª Unidade Jurisdicional - 3º JD da Comarca de Juiz de Fora,Vara Cível
2ª Unidade Jurisdicional - 3º JD da Comarca de Uberlândia,Vara Cível
2ª Unidade Jurisdicional - 4º JD da Comarca de Uberlândia,Vara Cível
2ª Unidade Jurisdicional - 6º JD da Comarca de Uberlândia,Vara Cível
2ª Unidade Jurisdicional - JESP - 3º JD Contagem,Vara Cível
2ª Unidade Jurisdicional Cível - 4º JD ,Vara Cível
2ª Unidade Jurisdicional Cível - 4º JD da Comarca de Belo Horizonte,Vara Cível
2ª Unidade Jurisdicional Cível - 5º JD da Comarca de Belo Horizonte,Vara Cível
2ª Unidade Jurisdicional Cível - 6º JD da Comarca de Belo Horizonte,Vara Cível
2ª VARA,Vara Cível
2ª VARA,Vara Cível
2ª Vara ,Vara Cível
2A VARA CÍVEL,Vara Cível
2ª VARA CIVEL,Vara Cível
2ª VARA CÍVEL,Vara Cível
2ª VARA CÍVEL,Vara Cível
2ª VARA CÍVEL,Vara Cível
2ª Vara Cível,Vara Cível
2ª Vara Cível - Foro Regional de Itaipava,Vara Cível
2ª VARA CÍVEL DE ACIDENTES DO TRABALHO,Outros
2ª VARA CÍVEL E CRIMINAL DE ITAPEVI,Vara Cível
"2ª Vara Cível, Família e de Órfãos e Sucessões ",Vara Cível
2ª VARA DAS REL. DE CONSUMO CÍVEIS E COMERCIAIS,Vara Cível
2ª VARA DE FAZENDA E REGISTROS PÚBLICOS,Vara Cível
2ª VARA DO JEC,Juizado Especial Cível
2ª VARA DO JUIZADO ESPECIAL,Juizado Especial Cível
2ª Vara do Juizado Especial Central,Juizado Especial Cível
2ª VARA DO JUIZADO ESPECIAL CÍVEL,Juizado Especial Cível
2ª Vara do Juizado Especial Cível,Juizado Especial Cível
2ª VARA DO SISTEMA DOS JUIZADOS,Juizado Especial Cível
2ª VARA DO SISTEMA DOS JUIZADOS - ITABUNA (MAT),Juizado Especial Cível
2ª VARA ESPECIALIZADA DE DEFESA DO CONSUMIDOR,Vara Cível
2ª VARA GENÉRICA,Vara Cível
2ª VARA JUDICIAL,Vara Cível
2ª Vara Mista ,Vara Cível
2ª VSJE DE CAUSAS COMUNS (LIBERDADE VESPERTINO),Juizado Especial Cível
2ª VSJE DO CONSUMIDOR (BROTAS VESPERTINO),Juizado Especial Cível
2ª VSJE DO CONSUMIDOR (IMBUI VESPERTINO),Juizado Especial Cível
2º CEJUSCC,Juizado Especial Cível
"2º JUIZADO ESP. CÍVEL, PENAL E DA FAZENDA PÚBLICA",Outros
2º JUIZADO ESPECIAL,Juizado Especial Cível
2º JUIZADO ESPECIAL,Juizado Especial Cível
2º Juizado Especial,Juizado Especial Cível
2º JUIZADO ESPECIAL CIVEL,Juizado Especial Cível
2º Juizado Especial Civel,Juizado Especial Cível
2º JUIZADO ESPECIAL CÍVEL,Juizado Especial Cível
2º JUIZADO ESPECIAL CÍVEL,Juizado Especial Cível
2º Juizado Especial Cível,Juizado Especial Cível
2º Juizado Especial Cível,Juizado Especial Cível
2º Juizado Especial Cível ,Juizado Especial Cível
2º JUIZADO ESPECIAL CÍVEL - AFOGADOS,Juizado Especial Cível
2º Juizado Especial Cível - Fórum Regional II - Santo Amaro,Juizado Especial Cível
2º JUIZADO ESPECIAL CÍVEL DA REGIÃO SUL,Juizado Especial Cível
2º JUIZADO ESPECIAL CÍVEL DE OLINDA - MANHÃ,Juizado Especial Cível
2º JUIZADO ESPECIAL CÍVEL E CRIMINAL,Juizado Especial Cível
2º Juizado Especial Cível e Criminal,Juizado Especial Cível
2º juízo da 18ª vara cível,Vara Cível
2º Juízo da 6ª Vara Cível,Vara Cível
3° CEJUSC,Juizado Especial Cível
3° Juizado Especial Cível,Juizado Especial Cível
3° Juizado Especial Cível E Criminal,Juizado Especial Cível
3° Vara,Vara Cível
3° Vara Cível,Vara Cível
3° VARA CÍVEL,Vara Cível
3° Vara Dos Juizados Especiais Do Consumidor,Juizado Especial Cível
3° Vara Única,Vara Cível
30° Vara Cível,Vara Cível
30ª VARA CÍVEL,Vara Cível
30ª Vara Cível,Vara Cível
30ª Vara Cível ,Vara Cível
31° Vara Cível,Vara Cível
31ª VARA CÍVEL,Vara Cível
31ª Vara Cível,Vara Cível
31ª Vara Cível ,Vara Cível
32° Vara Cível,Vara Cível
32ª VARA CÍVEL,Vara Cível
32ª Vara Cível,Vara Cível
32ª Vara Cível ,Vara Cível
32ª VARA CRIMINAL,Vara Cível
33° Vara Cível,Vara Cível
33ª VARA CÍVEL,Vara Cível
33ª Vara Cível,Vara Cível
33ª Vara Cível ,Vara Cível
34° Juizado Especial Cível,Juizado Especial Cível
34° Vara Cível,Vara Cível
34ª VARA CÍVEL,Vara Cível
34ª Vara Cível,Vara Cível
34ª Vara Cível ,Vara Cível
35° Juizado Especial Cível,Juizado Especial Cível
35° Vara Cível,Vara Cível
35ª VARA CÍVEL,Vara Cível
35ª Vara Cível,Vara Cível
35ª Vara Cível ,Vara Cível
36° Vara Cível,Vara Cível
36ª VARA CÍVEL,Vara Cível
36ª Vara Cível,Vara Cível
36ª Vara Cível ,Vara Cível
37° Vara Cível,Vara Cível
37ª Câmara de Direito Privado,Vara Cível
37ª VARA CÍVEL,Vara Cível
37ª Vara Cível,Vara Cível
37ª Vara Cível ,Vara Cível
38° Vara Cível,Vara Cível
38ª Câmara de Direito Privado,Vara Cível
38ª VARA CÍVEL,Vara Cível
38ª Vara Cível,Vara Cível
38ª Vara Cível ,Vara Cível
39° Vara Cível,Vara Cível
39ª VARA CÍVEL,Vara Cível
39ª Vara Cível,Vara Cível
39ª Vara Cível ,Vara Cível
3ª Turma,Juizado Especial Cível
3ª Turma Recursal,Juizado Especial Cível
3ª Turma Recursal Cível,Juizado Especial Cível
3ª UNIDADE DO JUIZADO ESPECIAL CÍVEL E CRIMINAL,Juizado Especial Cível
3ª Unidade Jurisdicional Cível,Vara Cível
3ª Unidade Jurisdicional Cível - 7º JD da Comarca de Belo Horizonte,Vara Cível
3ª Unidade Jurisdicional Cível - 8º JD da Comarca de Belo Horizonte,Vara Cível
3ª Unidade Jurisdicional Cível - 9º JD da Comarca de Belo Horizonte,Vara Cível
3ª Unidade Jurisdicional Cível - Barreiro - 7º JD ,Vara Cível
3ª Unidade Jurisdicional Cível- 7º JD,Vara Cível
3ª VARA,Vara Cível
3ª Vara ,Vara Cível
3A VARA CÍVEL,Vara Cível
3ª VARA CÍVEL,Vara Cível
3ª VARA CÍVEL,Vara Cível
3ª VARA CÍVEL,Vara Cível
3ª VARA CÍVEL,Vara Cível
3ª Vara Cível,Vara Cível
3ª Vara Civel ,Vara Cível
3ª Vara Cível ,Vara Cível
3ª VARA CÍVEL DE ACIDENTES DO TRABALHO,Outros
3ª VARA DAS REL. DE CONSUMO CÍVEIS E COMERCIAIS,Vara Cível
3ª VARA DE FAZENDA PÚBLICA,Outros
3ª VARA DO JUIZADO ESPECIAL,Juizado Especial Cível
3ª Vara do Juizado Especial,Juizado Especial Cível
3ª VARA DO JUIZADO ESPECIAL CÍVEL,Juizado Especial Cível
3ª VARA DO SISTEMA DOS JUIZADOS - ITABUNA (MAT),Juizado Especial Cível
3ª VARA DOS FEITOS RELATIVO ÀS REL. DE CONSUMO,Vara Cível
3ª VSJE DE CAUSAS COMUNS (PIATÃ MATUTINO),Juizado Especial Cível
3ª VSJE DO CONSUMIDOR (BROTAS MATUTINO),Juizado Especial Cível
3ª VSJE DO CONSUMIDOR (IMBUI VESPERTINO),Juizado Especial Cível
3º JUIZADO ESPECIAL CÍVEL,Juizado Especial Cível
3º JUIZADO ESPECIAL CÍVEL,Juizado Especial Cível
3º JUIZADO ESPECIAL CÍVEL,Juizado Especial Cível
3º Juizado Especial Cível,Juizado Especial Cível
3º Juizado Especial Cível,Juizado Especial Cível
3º JUIZADO ESPECIAL CÍVEL - CORDEIRO,Juizado Especial Cível
3º JUIZADO ESPECIAL CÍVEL - SOCIESC,Juizado Especial Cível
3º JUIZADO ESPECIAL CÍVEL DA REGIÃO SUL,Juizado Especial Cível
3º JUIZADO ESPECIAL CRIMINAL,Juizado Especial Cível
3º Juizado Especial da Fazenda Pública,Outros
3º Vara de Direito Bancário,Vara Cível
3º° Juizado Especial Cível,Juizado Especial Cível
4° Juizado Especial Cível,Juizado Especial Cível
4° Juizado Especial Cível E Criminal,Juizado Especial Cível
4° Vara,Vara Cível
4° Vara Cível,Vara Cível
4° Vara Dos Juizados Especiais Do Consumidor,Juizado Especial Cível
4° Vara Única,Vara Cível
40° Vara Cível,Vara Cível
40ª VARA CÍVEL,Vara Cível
40ª Vara Cível,Vara Cível
40ª Vara Cível ,Vara Cível
41° Vara Cível,Vara Cível
41ª VARA CÍVEL,Vara Cível
41ª Vara Cível,Vara Cível
41ª Vara Cível ,Vara Cível
42° Vara Cível,Vara Cível
42ª VARA CÍVEL,Vara Cível
42ª Vara Cível,Vara Cível
42ª Vara Cível ,Vara Cível
43° Vara Cível,Vara Cível
43ª VARA CÍVEL,Vara Cível
43ª Vara Cível,Vara Cível
43ª Vara Cível ,Vara Cível
44° Vara Cível,Vara Cível
44ª VARA CÍVEL,Vara Cível
44ª Vara Cível,Vara Cível
44ª Vara Cível ,Vara Cível
45° Vara Cível,Vara Cível
45ª VARA CÍVEL,Vara Cível
45ª Vara Cível,Vara Cível
45ª Vara Cível ,Vara Cível
46° Vara Cível,Vara Cível
46ª Vara Cível,Vara Cível
46ª Vara Cível ,Vara Cível
47ª Vara Cível,Vara Cível
48° Vara Cível,Vara Cível
48ª Vara Cível,Vara Cível
48ª Vara Cível ,Vara Cível
49° Vara Cível,Vara Cível
49ª Vara Cível,Vara Cível
4ª Câmara de Direito Civil,Vara Cível
4ª Seção Cível,Vara Cível
4ª Turma,Juizado Especial Cível
4ª Turma Recursal,Juizado Especial Cível
4ª UNIDADE DO JUIZADO ESPECIAL CÍVEL E CRIMINAL,Juizado Especial Cível
4ª Unidade Jurisdicional Cível - 10º JD da Comarca de Belo Horizonte,Vara Cível
4ª Unidade Jurisdicional Cível - 11º JD da Comarca de Belo Horizonte,Vara Cível
4ª Unidade Jurisdicional Cível - 12º JD da Comarca de Belo Horizonte,Vara Cível
4ª VARA CÍVEL,Vara Cível
4ª VARA CÍVEL,Vara Cível
4ª Vara Cível,Vara Cível
4ª VARA DAS REL. DE CONSUMO CÍVEIS E COMERCIAIS,Vara Cível
4ª VARA DO JUIZADO ESPECIAL,Juizado Especial Cível
4ª VARA DO JUIZADO ESPECIAL (MORENINHAS),Juizado Especial Cível
4ª VARA DO JUIZADO ESPECIAL CÍVEL,Juizado Especial Cível
4ª VARA DOS FEITOS DE RELATIVOS ÀS REL. DE CONSUMO,Vara Cível
4ª VARA DOS FEITOS REL DE CONS. CÍVEL E COMERCIAIS,Vara Cível
4ª VSJE DO CONSUMIDOR (BROTAS VESPERTINO),Juizado Especial Cível
4ª VSJE DO CONSUMIDOR (UMBUI VESPERTINO),Juizado Especial Cível
4ª VSJE do Consumidor (Vespertino),Juizado Especial Cível
4º Juizado Cível,Vara Cível
4º JUIZADO ESPECIAL CÍVEL,Juizado Especial Cível
4º JUIZADO ESPECIAL CÍVEL,Juizado Especial Cível
4º Juizado Especial Cível,Juizado Especial Cível
4º JUIZADO ESPECIAL CÍVEL - CASA AMARELA,Juizado Especial Cível
4º JUIZADO ESPECIAL CÍVEL E CRIMINAL,Juizado Especial Cível
4º VARA DE FEITOS DE REL. DE CONS. E COMERCIAIS,Vara Cível
5 VARA,Vara Cível
5° CEJUSC,Juizado Especial Cível
5° Juizado Especial Cível,Juizado Especial Cível
5° Juizado Especial Cível E Criminal,Juizado Especial Cível
5° Vara Cível,Vara Cível
5° Vara Dos Juizados Especiais Do Consumidor,Juizado Especial Cível
50ª Vara Cível,Vara Cível
51° Vara Cível,Vara Cível
51ª Vara Cível,Vara Cível
52° Vara Cível,Vara Cível
52ª Vara Cível,Vara Cível
5ª JEC,Juizado Especial Cível
5ª Turma,Juizado Especial Cível
5ª Turma Recursal,Juizado Especial Cível
5ª UNIDADE DO JUIZADO ESPECIAL CÍVEL E CRIMINAL,Juizado Especial Cível
5ª Unidade Jurisdicional Cível,Vara Cível
5ª Unidade Jurisdicional Cível - 13º JD da Comarca de Belo Horizonte,Vara Cível
5ª Unidade Jurisdicional Cível - 14º JD da Comarca de Belo Horizonte,Vara Cível
5ª Unidade Jurisdicional Cível - 15º JD da Comarca de Belo Horizonte,Vara Cível
5ª VARA - JEF CÍVEL,Vara Cível
5ª VARA CÍVEL,Vara Cível
5ª VARA CÍVEL,Vara Cível
5ª Vara Cível ,Vara Cível
5ª Vara Cível - Regional de Itaquera,Vara Cível
5ª VARA CÍVEL DE ACIDENTES DO TRABALHO,Outros
5ª VARA DAS REL. DE CONSUMO CÍVEIS E COMERCIAIS,Vara Cível
5ª VARA DO JUIZADO ESPECIAL,Juizado Especial Cível
5ª VARA DO JUIZADO ESPECIAL CÍVEL,Juizado Especial Cível
5ª VARA DOS FEITOS RELATIVO ÀS REL. DE CONSUMO,Vara Cível
5ª VSJE DO CONSUMIDOR (NAJ MATUTINO),Juizado Especial Cível
5º JUIZADO ESPCIAL CÍVEL DAS RELAÇÕES DE CONSUMO,Vara Cível
5º JUIZADO ESPECIAL CÍVEL,Juizado Especial Cível
5º JUIZADO ESPECIAL CÍVEL,Juizado Especial Cível
5º Juizado Especial Cível,Juizado Especial Cível
5º JUIZADO ESPECIAL CÍVEL - NAJ - MATUTINO,Juizado Especial Cível
5º Vara Cível ,Vara Cível
6 Juizado Especial Cível,Juizado Especial Cível
6° Juizado Especial Cível,Juizado Especial Cível
6° Vara Cível,Vara Cível
6° Vara Do Juizado Especial Cível,Juizado Especial Cível
6° Vara Dos Juizados Especiais Do Consumidor,Juizado Especial Cível
60ª VARA CÍVEL,Vara Cível
6ª Turma Cível,Juizado Especial Cível
6ª UNIDADE DO JUIZADO ESPECIAL CÍVEL E CRIMINAL,Juizado Especial Cível
6ª Unidade Jurisdicional Cível - 16º JD da Comarca de Belo Horizonte,Vara Cível
6ª Unidade Jurisdicional Cível - 18º JD da Comarca de Belo Horizonte,Vara Cível
6A VARA CÍVEL,Vara Cível
6ª VARA CÍVEL,Vara Cível
6ª VARA CÍVEL DE ACIDENTES DO TRABALHO,Outros
6ª VARA DAS REL. DE CONSUMO CÍVEIS E COMERCIAIS,Vara Cível
6ª VARA DO JUIZADO ESPECIAL CÍVEL,Juizado Especial Cível
6ª Vara do Juizado Especial Cível,Juizado Especial Cível
6ª VARA DOS FEITOS RELATIVO ÀS REL. DE CONSUMO,Vara Cível
6ª VSJE DE CAUSAS COMUNS (BONFIM VESPERTINO),Juizado Especial Cível
6ª VSJE DO CONSUMIDOR (NAJ VESPERTINO),Juizado Especial Cível
6º JUIZADO ESPECIAL CÍVEL,Juizado Especial Cível
6º JUIZADO ESPECIAL CÍVEL,Juizado Especial Cível
6º Juizado Especial Cível,Juizado Especial Cível
6º JUIZADO ESPECIAL CÍVEL - NAJ - VESPERTINO,Juizado Especial Cível
6º JUIZADO ESPECIAL CÍVEL - PINA,Juizado Especial Cível
6º Juizado Especial Cível e Criminal,Juizado Especial Cível
6º Juizado Especial Civel e Criminal ,Juizado Especial Cível
7° Juizado Especial Cível,Juizado Especial Cível
7° Juizado Especial Cível E Criminal,Juizado Especial Cível
7° Vara,Vara Cível
7° Vara Cível,Vara Cível
7° Vara Dos Juizados Especiais Do Consumidor,Juizado Especial Cível
7ª Turma,Juizado Especial Cível
7ª Turma Cível,Juizado Especial Cível
7ª VARA CÍVEL,Vara Cível
7ª Vara Cível,Vara Cível
7ª VARA CÍVEL DE ACIDENTES DO TRABALHO,Outros
7ª VARA DAS REL. DE CONSUMO CÍVEIS E COMERCIAIS,Vara Cível
7ª VARA DE FAZENDA PÚBLICA,Outros
7ª VARA DO JUIZADO ESPECIAL,Juizado Especial Cível
7ª VARA DO JUIZADO ESPECIAL CÍVEL,Juizado Especial Cível
7ª VSJE DO CONSUMIDOR (UNIJORGE MATUTINO),Juizado Especial Cível
7º JUIZADO ESPECIAL CÍVEL,Juizado Especial Cível
7º JUIZADO ESPECIAL CÍVEL,Juizado Especial Cível
7º Juizado Especial cível,Juizado Especial Cível
7º JUIZADO ESPECIAL CÍVEL - FIR,Juizado Especial Cível
7º Juizado Especial Cível e Criminal,Juizado Especial Cível
7º JUIZADO ESPECIAL DAS RELAÇÕES DE CONSUMO,Juizado Especial Cível
7º JUÍZO DA UNIDADE ESTADUAL DE DIREITO BANCÁRIO,Outros
7º° Juizado Especial Cível,Juizado Especial Cível
8° Juizado Especial Cível,Juizado Especial Cível
8° Juizado Especial Cível E Criminal,Juizado Especial Cível
8° Vara Cível,Vara Cível
8° Vara Dos Juizados Especiais Do Consumidor,Juizado Especial Cível
8° Vara Federal,Vara Cível
8A VARA CÍVEL,Vara Cível
8ª VARA CÍVEL,Vara Cível
8ª VARA CÍVEL DE ACIDENTES DO TRABALHO,Outros
8ª VARA DO JUIZADO ESPECIAL CÍVEL,Juizado Especial Cível
8ª VARA DOS FEITOS DE RELAÇÃO DE CONSUMO CÍVEIS,Vara Cível
8ª VSJE DO CONSUMIDOR (IMBUÍ VESPERTINO),Juizado Especial Cível
8ª VSJE DO CONSUMIDOR (UNIJORGE VESPERTINO),Juizado Especial Cível
8ª VSJE DO CONSUMIDOR (VESPERTINO),Juizado Especial Cível
8º JUIZADO ESPECIAL CÍVEL,Juizado Especial Cível
8º Juizado Especial Cível,Juizado Especial Cível
8º Juizado Especial Cível ,Juizado Especial Cível
8º JUIZADO ESPECIAL CÍVEL - ROSARINHO,Juizado Especial Cível
8º Juizado Especial Cível e Criminal,Juizado Especial Cível
9° Juizado Especial Cível,Juizado Especial Cível
9° Vara Cível,Vara Cível
9° Vara Dos Juizados Especiais Do Consumidor,Juizado Especial Cível
9ª UNIDADE DO JUIZADO ESPECIAL CÍVEL E CRIMINAL,Juizado Especial Cível
9ª Unidade Jurisdicional Cível - 25º JD da Comarca de Belo Horizonte,Vara Cível
9ª Unidade Jurisdicional Cível - 26º JD da Comarca de Belo Horizonte,Vara Cível
9ª Unidade Jurisdicional Cível - 27º JD da Comarca de Belo Horizonte,Vara Cível
9ª VARA CÍVEL,Vara Cível
9ª Vara Cível,Vara Cível
9ª VARA CÍVEL DE ACIDENTES DO TRABALHO,Outros
9ª VARA DO JUIZADO ESPECIAL,Juizado Especial Cível
9ª VARA DO JUIZADO ESPECIAL CÍVEL,Juizado Especial Cível
9ª VSJE DO CONSUMIDOR (MATUTINO),Juizado Especial Cível
9ª VSJE DO CONSUMIDOR (UNIJORGE MATUTINO),Juizado Especial Cível
9º JUIZADO ESPECIAL CÍVEL,Juizado Especial Cível
9º Juizado Especial Cível,Juizado Especial Cível
9º JUIZADO ESPECIAL CÍVEL - AFOGADOS,Juizado Especial Cível
9º JUIZADO ESPECIAL CÍVEL DAS RELAÇÕES DE CONSUMO,Juizado Especial Cível
9º Juizado Especial Cível e das Rel. de Cons. ,Juizado Especial Cível
Ajustar,Não informado
Anexo do Juizado Especial Cível da UNIP ,Juizado Especial Cível
Câmara Cível,Vara Cível
CARTÓRIO DOS FEITOS CÍVEIS,Vara Cível
CARTÓRIO DOS FEITOS CÍVEIS,Vara Cível
CARTÓRIO DOS FEITOS CÍVEIS E COMERCIAIS,Vara Cível
CARTÓRIO DOS FEITOS DE RELAÇÃO DE CONSUMO,Vara Cível
CARTÓRIO DOS FEITOS REL. ÀS RELAÇÕES DE CONSUMO,Vara Cível
CEJUSC,Juizado Especial Cível
CEJUSC,Juizado Especial Cível
CEJUSC,Juizado Especial Cível
Cejusc,Juizado Especial Cível
CEJUSC ,Juizado Especial Cível
CEJUSC - Centro Judiciário de Soluções de Conflitos e Cidadania,Juizado Especial Cível
CEJUSC - Centro Judiciário de Soluções e Conflitos e Cidadania,Juizado Especial Cível
CEJUSC - JEC - BSB,Juizado Especial Cível
cejusc - jec - bsb,Juizado Especial Cível
CEJUSC-JEC-BSB,Juizado Especial Cível
CEJUSC-JEC-BSB,Juizado Especial Cível
CEJUSC-JEC-BSB ,Juizado Especial Cível
Central,Não informado
CENTRAL DE CONCILIAÇÃO (JUIZADOS ESPECIAIS CÍVEIS),Juizado Especial Cível
Central de Mediação,Não informado
Centro de mediação,Não informado
Centro de Mediação da Capital (Pré-processual) ,Vara Cível
Centro Jud. de Solução de Conflitos e Cidadania ,Vara Cível
CENTRO JUDICIÁRIO DE CONFLIOS,Vara Cível
civel,Não informado
Civil Court,Vara Cível
Colégio Recursal,Juizado Especial Cível
Colégio Recursal Central,Juizado Especial Cível
Comarca da Capital - 4º Juizado Especial Cível,Juizado Especial Cível
Delegacia da Receita Federal de Julgamento,Outros
Direito Privado,Não informado
Direito Privado,Vara Cível
"FAMILIA, SUC. INF.JUV. E 1.CIVEL",Vara Cível
Gabinete Desembargador,Vara Cível
Gabinete do Desembargador,Vara Cível
Gabinete do Juiz,Não informado
I JUIZADO DAS FAZENDAS PÚBLICAS,Outros
I JUIZADO ESPECIAL,Juizado Especial Cível
I JUIZADO ESPECIAL CÍVEL,Juizado Especial Cível
I JUIZADO ESPECIAL CÍVEL,Juizado Especial Cível
I JUIZADO ESPECIAL CÍVEL - MANHÃ,Juizado Especial Cível
I JUIZADO ESPECIAL CÍVEL D. CONSUMIDOR - BROTAS,Juizado Especial Cível
I° Juizado Especial Cível,Juizado Especial Cível
II JUIZADO ESPECIAL CÍVEL,Juizado Especial Cível
II JUIZADO ESPECIAL CÍVEL,Juizado Especial Cível
II JUIZADO ESPECIAL CÍVEL E CRIMINAL,Juizado Especial Cível
II JUIZADO ESPECIAL FEDERAL,Juizado Especial Cível
III JUIZADO ESPECIAL CÍVEL,Juizado Especial Cível
III JUIZADO ESPECIAL CÍVEL,Juizado Especial Cível
IIº JUIZADO ESPECIAL CÍVEL,Juizado Especial Cível
Inspetoria da RF,Outros
Iº JUIZADO ESPECIAL CÍVEL,Juizado Especial Cível
IV JUIZADO ESPECIAL CÍVEL,Juizado Especial Cível
IV JUIZADO ESPECIAL CÍVEL,Juizado Especial Cível
IX JUIZADO ESPECIAL CÍVEL,Juizado Especial Cível
JEC,Juizado Especial Cível
JEC - ANEXO FMU,Juizado Especial Cível
JEC - CECON,Juizado Especial Cível
JEC - CECON - Curitiba,Juizado Especial Cível
JEC - CEJUSC,Juizado Especial Cível
JEC - Vara Única ,Juizado Especial Cível
JEC ANEXO UNIP,Juizado Especial Cível
JEC Criminal de Viol. Dom. e Fam. ,Juizado Especial Cível
JEC VSJE DO CONSUMIDOR (MATUTINO),Juizado Especial Cível
JECC Leste 1 Anexo I NOVAFAPI ,Juizado Especial Cível
JECC Parnaíba Anexo II NASSAU ,Juizado Especial Cível
JECC Parnaíba Sede Cível ,Juizado Especial Cível
JECC Teresina Centro 1 Sede Cabral ,Juizado Especial Cível
JECC Teresina Centro 1 Sede Cabral Cível ,Juizado Especial Cível
JECC Teresina Centro 2 Sede ,Juizado Especial Cível
JECC Teresina Leste 2 Sede UFPI ,Juizado Especial Cível
JEF,Outros
JESP. ADJ. DO Iº JUIZ. DE OLINDA - MANHÃ,Juizado Especial Cível
JUIZADO,Juizado Especial Cível
JUIZADO ADJUNTO,Juizado Especial Cível
JUIZADO ADJUNTO CÍVEL,Vara Cível
JUIZADO CÍVEL E CRIMINAL,Vara Cível
JUIZADO CÍVEL E CRIMINAL,Vara Cível
JUIZADO CÍVEL E CRIMINAL DO NÚCLEO BANDEIRANTE,Vara Cível
JUIZADO CÍVEL E CRIMINAL NORTE,Vara Cível
Juizado Cível Especial,Vara Cível
JUIZADO DA INFÂNCIA E JUVENTUDE CÍVEL,Vara Cível
JUIZADO DE DEFESA DO CONSUMIDOR,Juizado Especial Cível
Juizado Esp Cível e Criminal ,Vara Cível
Juizado Esp Cível e das Re de Cons de Garanhuns ,Vara Cível
Juizado Esp Cível e das Rel de Consumo ,Vara Cível
Juizado Esp. Cível e Criminal Universidade Federal ,Juizado Especial Cível
Juizado Especiais da Relação de Consumo ,Juizado Especial Cível
JUIZADO ESPECIAL,Juizado Especial Cível
JUIZADO ESPECIAL,Juizado Especial Cível
Juizado Especial,Juizado Especial Cível
Juizado Especial ,Juizado Especial Cível
JUIZADO ESPECIAL - UNIVERS. FED. DE SANTA CATARINA,Juizado Especial Cível
JUIZADO ESPECIAL ADJUNTO,Juizado Especial Cível
JUIZADO ESPECIAL ADJUNTO,Juizado Especial Cível
Juizado Especial Adjunto - Small Claims Court,Juizado Especial Cível
JUIZADO ESPECIAL ADJUNTO CÍVEL,Juizado Especial Cível
Juizado Especial Adjunto Cível,Juizado Especial Cível
Juizado Especial Adjunto Cível,Juizado Especial Cível
Juizado Especial Adjunto Civel ,Juizado Especial Cível
Juizado Especial Adjunto Cível ,Juizado Especial Cível
JUIZADO ESPECIAL CÃVEL,Juizado Especial Cível
JUIZADO ESPECIAL CIVEL,Juizado Especial Cível
Juizado Especial Cível,Juizado Especial Cível
Juizado Especial Cível,Juizado Especial Cível
JUIZADO ESPECIAL CÍVEL,Juizado Especial Cível
JUIZADO ESPECIAL CÍVEL,Juizado Especial Cível
Juizado Especial Cível,Juizado Especial Cível
Juizado Especial Cível,Juizado Especial Cível
Juizado Especial Cível,Juizado Especial Cível
Juizado Especial Civel ,Juizado Especial Cível
Juizado Especial Cível ,Juizado Especial Cível
Juizado Especial Cível  ,Juizado Especial Cível
Juizado Especial Cível - Anexo FAAP ,Juizado Especial Cível
JUIZADO ESPECIAL CÍVEL - ANEXO I - UNIAN,Juizado Especial Cível
JUIZADO ESPECIAL CÍVEL - ANEXO UNIFIAN,Juizado Especial Cível
Juizado Especial Cível - Anexo UNIFIAN ,Juizado Especial Cível
JUIZADO ESPECIAL CÍVEL - ANEXO UNIP,Juizado Especial Cível
JUIZADO ESPECIAL CÍVEL - BOQUEIRÃO,Juizado Especial Cível
JUIZADO ESPECIAL CÍVEL - CIC FEITIÇO DA VILA,Juizado Especial Cível
JUIZADO ESPECIAL CIVEL - CIC ZONA LESTE,Juizado Especial Cível
JUIZADO ESPECIAL CÍVEL - CIC ZONA LESTE,Juizado Especial Cível
JUIZADO ESPECIAL CÍVEL - PINHEIRINHO,Juizado Especial Cível
JUIZADO ESPECIAL CÍVEL - PROJUDI,Juizado Especial Cível
JUIZADO ESPECIAL CÍVEL - PROJUDI,Juizado Especial Cível
Juizado Especial Cível - Regional da Região Oceânica,Juizado Especial Cível
Juizado Especial Cível - Regional de Itaquera,Juizado Especial Cível
Juizado Especial Civel - Regional São Miguel Paulista,Juizado Especial Cível
JUIZADO ESPECIAL CÍVEL - SUL,Juizado Especial Cível
JUIZADO ESPECIAL CÍVEL (MG),Juizado Especial Cível
JUIZADO ESPECIAL CÍVEL ADJUNTO,Juizado Especial Cível
Juizado Especial Cível Adjunto ,Juizado Especial Cível
JUIZADO ESPECIAL CÍVEL ADJUNTO CÍVEL,Juizado Especial Cível
Juizado Especial Cível Anexo Mackenzie ,Juizado Especial Cível
JUIZADO ESPECIAL CIVEL ANEXO POUPATEMPO,Juizado Especial Cível
Juizado Especial Cível Anexo PUC ,Juizado Especial Cível
JUIZADO ESPECIAL CÍVEL CENTRAL,Juizado Especial Cível
JUIZADO ESPECIAL CÍVEL CIC PROJUDI,Juizado Especial Cível
JUIZADO ESPECIAL CÍVEL CRIMINAL,Juizado Especial Cível
JUÍZADO ESPECIAL CÍVEL DE APOIO - SAJ,Juizado Especial Cível
JUIZADO ESPECIAL CÍVEL DE CAJAMAR,Juizado Especial Cível
JUIZADO ESPECIAL CÍVEL DE VILHENA,Juizado Especial Cível
Juizado Especial Cível do Cristo Rei ,Juizado Especial Cível
JUIZADO ESPECIAL CIVEL DO NORTE DA ILHA,Juizado Especial Cível
Juizado Especial Cível do Norte da Ilha ,Juizado Especial Cível
Juizado Especial Cível E Criminal,Juizado Especial Cível
JUIZADO ESPECIAL CÍVEL E CRIMINAL,Juizado Especial Cível
JUIZADO ESPECIAL CÍVEL E CRIMINAL,Juizado Especial Cível
Juizado Especial Cível e Criminal,Juizado Especial Cível
Juizado Especial Civel e Criminal ,Juizado Especial Cível
Juizado Especial Cível e Criminal ,Juizado Especial Cível
Juizado Especial Cível e Criminal da Capital,Juizado Especial Cível
JUIZADO ESPECIAL CÍVEL E CRIMINAL TAQUARALTO,Juizado Especial Cível
JUIZADO ESPECIAL CÍVEL E DAS RELAÇÕES DE CONSUMO,Juizado Especial Cível
Juizado Especial Cível e das Relações de Consumo ,Juizado Especial Cível
Juizado Especial Cível e das Relações de Consumo da Capital,Juizado Especial Cível
JUIZADO ESPECIAL CÍVEL ITINERANTE,Juizado Especial Cível
Juizado Especial Cível- Zona Leste 2 ,Juizado Especial Cível
"Juizado Especial Cível, Criminal e FP ",Juizado Especial Cível
JUIZADO ESPECIAL CÍVEL-ANEXO FACULDADE DE DIREITO,Juizado Especial Cível
Juizado Especial Criminal,Juizado Especial Cível
JUIZADO ESPECIAL FEDERAL,Juizado Especial Cível
Juizado Especial Federal ,Juizado Especial Cível
JUIZADO ESPECIAL FEDERAL CÍVEL,Juizado Especial Cível
Juizado Especial Itinerante,Juizado Especial Cível
Juizado Especial Itinerante ,Juizado Especial Cível
Juizado Especial Itinerante de Brasília,Juizado Especial Cível
Juizado Especial Misto ,Juizado Especial Cível
Juízo da 1º Juizado Especial Cível,Juizado Especial Cível
Juízo da 2º Juizado Especial Cível,Juizado Especial Cível
Juízo do Juizado Especial Cível,Juizado Especial Cível
Juízo do Juizado Especial Cível da Comarca de Caxias do Sul,Juizado Especial Cível
Juízo do Juizado Especial Cível da Comarca de Viamão,Juizado Especial Cível
Juízo Substituto da 2ª VF ,Outros
JUSTIÃ‡A COMUM,Vara Cível
Justiça Comum,Vara Cível
Justiça Estadual,Vara Cível
Justiça Federal,Outros
Justiça Itinerante de Tanguá ,Juizado Especial Cível
JUZIADO ESPECIAL ADJUNTO,Juizado Especial Cível
NÚCLEO DE REPERCUSSÃO GERAL E RECURSOS REPETITIVOS,Não informado
Órgão Especial,Não informado
Posto escola AJURIS,Vara Cível
Posto Escola AJURIS Adjunto ao 5ª Juizado Especial Cível ,Juizado Especial Cível
Precatória Cível,Vara Cível
Presidência,Não informado
Presidência,Não informado
PROCON,Outros
PROCON,Outros
Procon,Outros
PROMOTORIA DO JUIZADO ESPECIAL CIVIL E CRIMINAL,Outros
Regional de Santo Amaro,Não informado
Seção A da 09ª Vara Cível ,Vara Cível
Seção A da 6ª Vara Cível ,Vara Cível
Seção B da 11ª Vara Cível ,Vara Cível
Seção B da 4ª Vara Cível ,Vara Cível
Seção B da 9ª Vara Cível da Capital ,Vara Cível
SECRETARIA JUDICIAL UNIFICADA DOS JUIZADOS,Juizado Especial Cível
SESSÃO DE CONCILIAÇÃO,Não informado
SETOR DE CONCILIAÇÃO CIVIL,Não informado
Sistema dos Juizados,Juizado Especial Cível
Small Claims Court,Juizado Especial Cível
TERCEIRA VICE-PRESIDÊNCIA,Vara Cível
TRIBUNAL DE JUSTIÇA,Não informado
Turma,Juizado Especial Cível
TURMA FEDERAL,Juizado Especial Cível
Turma Recursal,Juizado Especial Cível
Turma Recursal Cível,Juizado Especial Cível
Turma Recursal de Jurisdição,Juizado Especial Cível
Turma Recursal Permanente,Juizado Especial Cível
Turma Recursal Permanente da Capital,Juizado Especial Cível
Turma Recursal Única,Juizado Especial Cível
"Turma Recursal,",Juizado Especial Cível
UJ,Vara Cível
UJ - 01º Jd Cível ,Vara Cível
UJ - 1º JD CÍVEL ,Vara Cível
UJ - 2º JD CÍVEL ,Vara Cível
UJ -2 JD CIVEL ,Vara Cível
Uni Jurisdicional Cí-2º JD da Comarca de Gove Vala ,Vara Cível
Única ,Vara Cível
UNIDADE JUDICIÁRIA DE COOPERAÇÃO,Vara Cível
Unidade Judiciária de Cooperação ,Vara Cível
UNIDADE JUDICIARIA DE COOPERAÇÃO DO SUL DA ILHA,Vara Cível
Unidade Jurisdicional ,Vara Cível
Unidade Jurisdicional - 02º JD ,Vara Cível
Unidade Jurisdicional - 1º JD ,Vara Cível
Unidade Jurisdicional - 1º JD da Comarca de Divinópolis,Vara Cível
Unidade Jurisdicional - 1º JD da Comarca de Lavras,Vara Cível
Unidade Jurisdicional - 1º JD da Comarca de Pouso Alegre,Vara Cível
Unidade Jurisdicional - 1º JD da Comarca de Santa Luzia,Vara Cível
Unidade Jurisdicional - 2º JD da Comarca de Divinópolis,Vara Cível
Unidade Jurisdicional - 2º JD da Comarca de Lavras,Vara Cível
Unidade Jurisdicional - 2º JD da Comarca de Pará de Minas,Vara Cível
Unidade Jurisdicional - 2º JD da Comarca de Santa Luzia,Vara Cível
Unidade Jurisdicional - 3º JD da Comarca de Divinópolis,Vara Cível
Unidade Jurisdicional - 3º JD da Comarca de Pouso Alegre,Vara Cível
Unidade Jurisdicional _ 1ª JD de Poços de Caldas,Vara Cível
Unidade Jurisdicional Cível ,Vara Cível
Unidade Jurisdicional Cível - 01ª JD ,Vara Cível
Unidade Jurisdicional Cível - 01º JD ,Vara Cível
Unidade Jurisdicional Cível - 02° JD ,Vara Cível
Unidade Jurisdicional Cível - 02ª JD ,Vara Cível
Unidade Jurisdicional Cível - 02º JD ,Vara Cível
Unidade Jurisdicional Cível - 03º JD ,Vara Cível
Unidade Jurisdicional Cível - 1º JD ,Vara Cível
Unidade Jurisdicional Cível - 2ª JD ,Vara Cível
Unidade Jurisdicional Cível - 2º JD ,Vara Cível
Unidade Jurisdicional Cível - 3º JD ,Vara Cível
Unidade Jurisdicional Cível e Criminal de Ubá,Vara Cível
Unidade Jurisdicional de Formiga,Vara Cível
Unidade Jurisdicional de Ibirité,Vara Cível
Unidade Jurisdicional de Itaúna,Vara Cível
Unidade Jurisdicional de Lagoa Santa,Vara Cível
Unidade Jurisdicional de Nova Lima,Vara Cível
Unidade Jurisdicional de Ouro Preto,Vara Cível
Unidade Jurisdicional de Ponte Nova,Vara Cível
Unidade Jurisdicional de Sabará,Vara Cível
Unidade Jurisdicional de São Lourenço,Vara Cível
Unidade Jurisdicional de Vespasiano,Vara Cível
Unidade Jurisdicional de Viçosa,Vara Cível
Unidade Jurisdicional de Visconde do Rio Branco,Vara Cível
Unidade Jurisdicional Única ,Vara Cível
Unidade Jurisdicional Única - 1º JD ,Vara Cível
Unidade Jurisdicional Única - 2º JD da Comarca de Betim,Vara Cível
Unidade Jurisdicional Única - 3º JD da Comarca de Betim,Vara Cível
UNIDADE REGIONAL DE DIREITO BANCÁRIO,Outros
V DOS FEITOS DE REL DE CONS CIV E COM,Vara Cível
V DOS FEITOS DE REL DE CONS CIV E COM. IGUAÍ,Vara Cível
V DOS FEITOS DE REL DE CONS CIV E COMERCIAIS,Vara Cível
V DOS FEITOS DE REL DE CONS CIV E COMERCIAIS,Vara Cível
V dos Feitos de Rel de Cons Civ e Comerciais ,Vara Cível
"V DOS FEITOS DE REL DE CONS, CIV E COMERCIAIS",Vara Cível
V DOS FEITOS DE REL. DE CONS CIV E COMERCIAIS,Vara Cível
V JUIZADO ESPECIAL CÍVEL,Juizado Especial Cível
Vara,Vara Cível
Vara,Vara Cível
VARA ADJUNTA,Vara Cível
Vara adjunta do JEC,Juizado Especial Cível
Vara adjunta do JEC ,Juizado Especial Cível
Vara Adjunta do Juizado Especial Cível,Juizado Especial Cível
Vara Adjunta do Juizado Especial Cível ,Juizado Especial Cível
Vara Adjunta Juizado Especial Cível ,Juizado Especial Cível
Vara Cível,Vara Cível
VARA CÍVEL,Vara Cível
VARA CÍVEL,Vara Cível
Vara Cível,Vara Cível
Vara Cível,Vara Cível
Vara Cível ,Vara Cível
VARA CÍVEL - PROJUDI,Vara Cível
VARA CÍVEL E COMERCIAL,Vara Cível
Vara Cível e Criminal de Tobias Barreto,Vara Cível
"VARA CÍVEL, COMERCIAL E FAZENDA PÚBLICA",Outros
"VARA CÍVEL, DE FAMÍLIA E DE ÓRFÃOS E SUCESSÕES",Vara Cível
Vara Criminal,Vara Cível
VARA DAS REL. DE CONSUMO CÍVEIS E COMERCIAIS,Vara Cível
VARA DAS RELAÇÕES DE CONSUMO,Vara Cível
VARA DAS RELAÇÕES DE CONSUMO CÍVEIS E COMERCIAIS,Vara Cível
Vara De Cartas Precatórias,Vara Cível
Vara De Cartas Precatórias Cíveis,Vara Cível
VARA DE REL DE CONSUMO DA FAZENDA PÚBLICA,Outros
VARA DE RELAÇÕES DE CONSUMO,Vara Cível
Vara de Único Ofício ,Vara Cível
VARA DESCENTRALIZADA,Vara Cível
Vara do JEC,Juizado Especial Cível
Vara do Jec ,Juizado Especial Cível
Vara do Juizaddo Especial Cível ,Juizado Especial Cível
Vara do Juizado Cível e Criminal ,Vara Cível
VARA DO JUIZADO ESPECIAL,Juizado Especial Cível
Vara Do Juizado Especial Cível,Juizado Especial Cível
VARA DO JUIZADO ESPECIAL CÍVEL,Juizado Especial Cível
Vara do Juizado Especial Cível,Juizado Especial Cível
Vara do Juizado Especial Cível,Juizado Especial Cível
Vara do Juizado Especial Cível e ,Juizado Especial Cível
VARA DO JUIZADO ESPECIAL CÍVEL E CRIMINAL,Juizado Especial Cível
Vara do Juizado Especial Cível e Criminal,Juizado Especial Cível
Vara Do Juizado Especial Cível e Criminal ,Juizado Especial Cível
Vara do Juizado Especial Cível- Foro Regional XV - Butantã,Juizado Especial Cível
Vara do Sistema dos Juizados,Juizado Especial Cível
Vara do Sistema dos Juizados,Juizado Especial Cível
Vara do Sistema dos Juizados ,Juizado Especial Cível
Vara do sistema dos juizados especiais cíveis ,Juizado Especial Cível
VARA DOS FEITOS CÍVEIS E COMERCIAIS,Vara Cível
VARA DOS FEITOS DE REL DE CONS CÍV. E COMERCIAIS,Vara Cível
"VARA DOS FEITOS DE REL DE CONS, CIV E COMERCIAIS",Vara Cível
"Vara dos Feitos de Rel de Cons., Cíveis e Com. ",Vara Cível
VARA DOS FEITOS DE REL. DE CONS CIV E COMERCIAIS,Vara Cível
VARA DOS FEITOS DE REL. DE CONS E COMERCIAIS,Vara Cível
VARA DOS FEITOS DE REL. DE CONSUMO,Vara Cível
VARA DOS FEITOS DE REL. DE CONSUMO CÍVEL E COMER.,Vara Cível
VARA DOS FEITOS DE RELAÇÃO DE CONSUMO,Vara Cível
VARA DOS FEITOS DE RELAÇÕES DE CONSUMO,Vara Cível
VARA DOS FEITOS DE RELAÇÕES DE CONSUMO E CÍVEIS,Vara Cível
Vara Especializada,Vara Cível
Vara Federal,Vara Cível
VARA FEITOS DE REL DE CONS CIV E COMERCIAIS,Vara Cível
VARA JUDICIAL,Vara Cível
Vara Judicial,Vara Cível
VARA PLANTÃO,Vara Cível
VARA UNICA,Vara Cível
Vara unica,Vara Cível
Vara Única,Vara Cível
VARA ÚNICA,Vara Cível
VARA ÚNICA,Vara Cível
Vara única,Vara Cível
Vara Única,Vara Cível
Vara Única ,Vara Cível
Vara Unica Cível,Vara Cível
VARA ÚNICA CÍVEL,Vara Cível
VI JUIZADO ESPECIAL CÍVEL,Juizado Especial Cível
Vice-Presidência,Vara Cível
VII JUIZADO ESPCIAL CÍVEL DAS RELAÇÕES DE CONSUMO,Vara Cível
VII JUIZADO ESPECIAL CÍVEL,Juizado Especial Cível
VIII JUIZADO ESPCIAL CÍVEL DAS RELAÇÕES DE CONSUMO,Vara Cível
VIII JUIZADO ESPECIAL CÍVEL,Juizado Especial Cível
VSJE,Juizado Especial Cível
VSJE VESPERTINO,Juizado Especial Cível
X JUIZADO ESPECIAL CÍVEL,Juizado Especial Cível
XI JUIZADO ESPECIAL CÍVEL,Juizado Especial Cível
XIII JUIZADO ESPECIAL CÍVEL,Juizado Especial Cível
XIV JUIZADO ESPECIAL CÍVEL,Juizado Especial Cível
XV JUIZADO ESPECIAL CÍVEL,Juizado Especial Cível
XVI JUIZADO ESPECIAL CÍVEL,Juizado Especial Cível
XVII JUIZADO ESPECIAL CÍVEL,Juizado Especial Cível
XVII JUIZADO ESPECIAL DO CONSUMIDOR,Juizado Especial Cível
XVIII JUIZADO ESPECIAL CÍVEL,Juizado Especial Cível
XXI JUIZADO ESPECIAL CÍVEL,Juizado Especial Cível
XXII JUIZADO ESPECIAL CÍVEL,Juizado Especial Cível
XXIII JUIZADO ESPECIAL CÍVEL,Juizado Especial Cível
XXIV JUIZADO ESPECIAL DAS RELAÇÕES DE CONSUMO,Juizado Especial Cível
,Não informado
2º JUIZADO ESPECIAL CÍVEL DA REGIÃO SUL ,Juizado Especial Cível
CARTÓRIO DOS FEITOS CÍVEIS ,Vara Cível
JUIZADO ESPECIAL CÍVEL ,Juizado Especial Cível
3ª VARA  CÍVEL,Vara Cível
3ª VARA ,Vara Cível
2ª VARA DO JUIZADO ESPECIAL ,Juizado Especial Cível
JUIZADO ESPECIAL CÍVEL ADJUNTO CÍVEL ,Juizado Especial Cível
IIº JUIZADO ESPECIAL CÍVEL ,Juizado Especial Cível
VARA ÚNICA ,Vara Cível
Vara do Juizado Especial Cível e Criminal ,Juizado Especial Cível
05ª  Vara Cível,Vara Cível
3ª UNIDADE DO JUIZADO ESPECIAL CÍVEL E CRIMINAL ,Juizado Especial Cível
Iº JUIZADO ESPECIAL CÍVEL ,Juizado Especial Cível
04ª  Vara Cível,Vara Cível
2ª VARA CÍVEL ,Vara Cível
1º JUIZADO ESPECIAL CÍVEL ,Juizado Especial Cível
I JUIZADO ESPECIAL CÍVEL ,Juizado Especial Cível
4º JUIZADO ESPECIAL CÍVEL ,Juizado Especial Cível
19ª VARA DOS FEITOS RELATIVO ÀS REL. DE CONSUMO ,Vara Cível
JUIZADO ESPECIAL ADJUNTO ,Juizado Especial Cível
V DOS FEITOS DE REL DE CONS CIV E COMERCIAIS ,Outros
3º JUIZADO ESPECIAL CÍVEL - SOCIESC ,Juizado Especial Cível
11ª VARA DO JUIZADO ESPECIAL ,Juizado Especial Cível
2ª VARA ,Vara Cível
6ª VARA DOS FEITOS RELATIVO ÀS REL. DE CONSUMO ,Vara Cível
01ª  Vara,Vara Cível
6ª UNIDADE DO JUIZADO ESPECIAL CÍVEL E CRIMINAL ,Juizado Especial Cível
3ª VARA DE FAZENDA PÚBLICA ,Vara Cível
JUIZADO ESPECIAL CÍVEL E CRIMINAL ,Juizado Especial Cível
JUIZADO ESPECIAL CÍVEL CENTRAL ,Juizado Especial Cível
14º Juizado especial cível,Juizado Especial Cível
JUZIADO ESPECIAL ADJUNTO ,Juizado Especial Cível
05ª  Vara,Vara Cível
jec,Outros
16ª VSJE DO CONSUMIDOR (VESPERTINO) ,Outros
6º JUIZADO ESPECIAL CÍVEL ,Juizado Especial Cível
2ª  VARA CÍVEL,Vara Cível
2ª VARA ESPECIALIZADA DE DEFESA DO CONSUMIDOR ,Juizado Especial Cível
JUIZADO ESPECIAL CÃ_x008d_VEL,Juizado Especial Cível
14ª VARA DOS FEITOS RELATIVO ÀS REL. DE CONSUMO ,Vara Cível
1ª VARA DE EXECUÇÕES FISCAIS E PRECATÓRIAS CÍVEIS ,Vara Cível
JUIZADO ESPECIAL ADJUNTO CÍVEL ,Juizado Especial Cível
10ª VARA DOS FEITOS RELATIVO ÀS REL. DE CONSUMO ,Vara Cível
VII JUIZADO ESPECIAL CÍVEL ,Juizado Especial Cível
3ª  VARA CÍVEL,Vara Cível
18ª VARA DOS FEITOS RELATIVO ÀS REL. DE CONSUMO ,Vara Cível
VARA DESCENTRALIZADA ,Vara Cível
23º UNIDADE DO JUIZADO ESPECIAL CÍVEL E CRIMINAL ,Juizado Especial Cível
JUIZADO ESPECIAL CÍVEL - CIC FEITIÇO DA VILA ,Juizado Especial Cível
20ª VARA DOS FEITOS RELATIVO ÀS REL. DE CONSUMO ,Vara Cível
3ª VARA DOS FEITOS RELATIVO ÀS REL. DE CONSUMO ,Vara Cível
3ª VARA DO JUIZADO ESPECIAL ,Juizado Especial Cível
00,Outros
VARA DOS FEITOS DE  RELAÇÃO DE CONSUMO,Vara Cível
JUIZADO CÍVEL E CRIMINAL ,Vara Cível
17ª VARA DOS FEITOS RELATIVO ÀS REL. DE CONSUMO ,Vara Cível
03ª Vara do  Juizado Especial,Juizado Especial Cível
23ª VARA CÍVEL ,Vara Cível
JUIZADO ESPECIAL CÍVEL ITINERANTE ,Juizado Especial Cível
21º UNIDADE DO JUIZADO ESPECIAL CÍVEL E CRIMINAL ,Juizado Especial Cível
1ª VARA DO JUIZADO ESPECIAL ,Juizado Especial Cível
12º JUIZADO ESPECIAL CÍVEL ,Juizado Especial Cível
Vara do Sistema dos  Juizados,Vara Cível
Vara de Relações de Consumo,Vara Cível
1ª VARA DO JUIZADO ESPECIAL CÍVEL ,Juizado Especial Cível
1ª  VARA CÍVEL,Vara Cível
5ª  VARA CÍVEL,Vara Cível
3º  JUIZADO ESPECIAL CÍVEL,Juizado Especial Cível
1ª VARA ,Vara Cível
2º JUIZADO ESPECIAL ,Juizado Especial Cível
16ª VARA DOS FEITOS RELATIVO ÀS REL. DE CONSUMO ,Vara Cível
3º JUIZADO ESPECIAL CÍVEL DA REGIÃO SUL ,Juizado Especial Cível
13º JUIZADO ESPECIAL CÍVEL ,Juizado Especial Cível
3º JUIZADO ESPECIAL CÍVEL ,Juizado Especial Cível
1º JUIZADO ESPECIAL CÍVEL DA REGIÃO SUL ,Juizado Especial Cível
UNIDADE JUDICIARIA DE COOPERAÇÃO DO SUL DA ILHA ,Outros
7ª VARA DO JUIZADO ESPECIAL ,Juizado Especial Cível
15º JUIZADO ESPECIAL CÍVEL ,Juizado Especial Cível
JUIZADO ESPECIAL CÍVEL - PROJUDI ,Juizado Especial Cível
1ª VARA CÍVEL ,Vara Cível
06,Outros
10ª VARA DO JUIZADO ESPECIAL ,Juizado Especial Cível
13ª VARA CÍVEL ,Vara Cível
1ª VARA ESPECIALIZADA DE DEFESA DO CONSUMIDOR ,Juizado Especial Cível
5ª VARA DOS FEITOS RELATIVO ÀS REL. DE CONSUMO ,Vara Cível
5º JUIZADO ESPECIAL CÍVEL ,Juizado Especial Cível
1ª Vara do Juizado Especial Cível,Juizado Especial Cível
III JUIZADO ESPECIAL CÍVEL ,Juizado Especial Cível
11ª VARA DOS FEITOS RELATIVO ÀS REL. DE CONSUMO ,Vara Cível
7º JUIZADO ESPECIAL CÍVEL ,Juizado Especial Cível
11º JUIZADO ESPECIAL CÍVEL ,Juizado Especial Cível
IV JUIZADO ESPECIAL CÍVEL ,Juizado Especial Cível
3ª VARA CÍVEL ,Vara Cível
4ª  VARA CÍVEL,Vara Cível
VARA CÍVEL ,Vara Cível
20ª VARA CÍVEL ,Vara Cível
JUIZADO DE DEFESA DO CONSUMIDOR ,Outros
22ª VARA CÍVEL ,Vara Cível
2º JUIZADO ESPECIAL CÍVEL ,Juizado Especial Cível
4ª UNIDADE DO JUIZADO ESPECIAL CÍVEL E CRIMINAL ,Juizado Especial Cível
II JUIZADO ESPECIAL CÍVEL ,Juizado Especial Cível
JUIZADO ESPECIAL ,Juizado Especial Cível
9ª VARA DO JUIZADO ESPECIAL ,Juizado Especial Cível
,Não informado
TURMA RECURSAL (MG),Outros
CENTRAL DE CONCILIAÇÃO,Outros
15ª VARA CÍVEL DE ACIDENTES DO TRABALHO,Vara Cível
TURMA RECURSAL (MG) - BARREIRO,Outros
CENTRO JUDICIÁRIO DE SOLUÇÃO DE CONFLITOS,Outros
VARA DAS RELAÇÕES DE CONSUMO CÍVEIS E COM.,Vara Cível
2º JUIZADO ESPECIAL CÍVEL - CUIABÁ,Juizado Especial Cível
JUIZADO ESPECIAL CÍVEL (MG) - FRANCISCO SALES,Juizado Especial Cível
8º JUIZADO ESPECIAL CÍVEL ,Juizado Especial Cível
CORTE SUPERIOR,Outros
TURMA RECURSAL,Outros
1º JUIZADO ESPECIAL CÍVEL - CUIABÁ,Juizado Especial Cível
Juizado Especial Aeroport,Juizado Especial Cível
10ª VARA FEDERAL,Vara Cível
FÓRUM (MG),Outros
Superior Tribunal de Justiça,Outros
4ª VARA CÍVEL ,Vara Cível
1ª VARA DOS FEITOS RELATIVO ÀS REL. DE CONSUMO ,Vara Cível
6º JUIZADO ESPECIAL CÍVEL - CUIABÁ,Juizado Especial Cível
JUIZADO ESPECIAL CÍVEL (MG) - BARREIRO,Juizado Especial Cível
2ª VARA CÍVEL E DA INFÂNCIA E DA JUVENTUDE,Vara Cível
TRIBUNAL DE JUSTIÇA DE MINAS GERAIS,Outros
JUIZADO ESPECIAL DA FAZENDA PÚBLICA (MG),Juizado Especial Cível
,Não informado
,Não informado
28° Juizado Especial Cível,Juizado Especial Cível
Junta De Julgamento,Outros
30° Juizado Especial Cível,Juizado Especial Cível
4° Juizado Especial Federal,Juizado Especial Cível
Juizado Especial Federal,Juizado Especial Cível
4° CEJUSC,Outros
02° Juizado Especial Cível,Juizado Especial Cível
,Não informado
CIV,Outros
#N/D,Outros
Outros,Outros
Extrajudicial,Outros
Justiça Estadual Cível,Vara Cível
Justiça Comum - Foro Regional,Outros
 Justiça Estadual Cível ,Vara Cível
 Justiça Comum - Foro Regional,Outros
Foro De Tj-se,Outros
Justiça Comum - Foro Central,Outros
 Juizado Especial Cível,Juizado Especial Cível
,Não informado
Tribunal Regional Federal da 3ª Região,Outros
,Não informado
CENTRASE - CENTRAL DE CUMPRIMENTO DE SENTENÇAS,Outros
,Não informado
,Não informado
2ª VARA CÍVE,Vara Cível
17ª VARA CÍVEL DE ACIDENTES DO TRABALHO,Vara Cível
12ª VARA CÍVEL DE ACIDENTES DO TRABALHO,Vara Cível
CENTRAL DE PLANTÃO CÍVEL,Vara Cível
14ª VARA CÍVEL DE ACIDENTES DO TRABALHO,Vara Cível
NÚCLEO DE PRÁTICA DA FURB,Outros
4ª VARA CÍVEL DE ACIDENTES DO TRABALHO,Vara Cível
3ª VARA JUDICIAL,Vara Cível
6º VSJE DO CONSUMIDOR (VESPERTINO),Outros
2ª VARA DO SISTEMA DOS JUIZADOS - PROJUDI,Vara Cível
"1ª VARA DOS FEITOS RELATIVOS ÀS REL DE CONS, CÍVEIS E COMERCIAIS",Vara Cível
3ª Vara do Juizado Especial Cível,Juizado Especial Cível
VARA PLENA,Vara Cível
18ª VSJE DO CONSUMIDOR (VESPERTINO),Outros
V FEITO DAS RELAÇÕES CÍVEIS E COMERCIAIS,Vara Cível
NÚCLEO DE JUSTIÇA 4.0,Outros
FÓRUM (MG) - BARRO PRETO,Outros
V DOS FEITOS DE REL DE CONS CIV E COM DE ITAPARICA,Outros
18º JUIZADO ESPECIAL CÍVEL,Juizado Especial Cível
3ª V DOS FEITOS DE REL. DE CONS. CIV E COM,Outros
JUIZADO ESPECIAL CRIMINAL,Juizado Especial Cível
4ª VSJE DE CAUSAS COMUNS (PIATÃ VESPERTINO),Outros
1º JUIZADO ESPECIAL CÍVEL - PIATÃ,Juizado Especial Cível
21ª Vara Civel e de Acidentes,Vara Cível
17º JUIZADO ESPECIAL CRIMINAL,Juizado Especial Cível
23ª VARA CÍVEL E DE ACIDENTES,Vara Cível
5ª VSJE DE CAUSAS COMUNS (BONFIM MATUTINO),Outros
4ª VSJE DE CAUSAS COMUNS (VESPERTINO) ,Outros
V DOS FEITOS DE REL. DE CONSUMO,Outros
JUIZADO ESPECIAL CÍVEL DE CUMBICA - GUARULHOS,Juizado Especial Cível
1ª VARA FEITOS RELATIVOS ÀS RELAÇÕES DE CONSUMO,Vara Cível
8ª VSJE DE CAUSAS COMUNS (FTC VESPERTINO),Outros
9ª VARA DOS FEITOS RELATIVO ÀS REL. DE CONSUMO ,Vara Cível
CENTRO JUDICIÁRIO DE SOLUÇÕES E CONFLITOS,Outros
SETOR DE CONCILIAÇÃO - UNAERP,Outros
02º VARA CÍVEL,Vara Cível
3ª VARA DOS FEITOS REL DE CONS. CÍVEL E COMERCIAIS,Vara Cível
15ª VSJE DO CONSUMIDOR (MATUTINO),Outros
1ª VARA CÍVEL.,Vara Cível
7ª  VARA CÍVEL,Vara Cível
2ª VARA DOS FEITOS RELATIVO ÀS REL. DE CONSUMO ,Vara Cível
1a Vara civel,Vara Cível
11ª VSJE DO CONSUMIDOR (MATUTINO),Outros
VARA DOS FEITOS DE REL. DE CONUMO CIV E COMERCIAIS,Vara Cível
2ª VARA DOS FEITOS REL DE CONS. CÍVEL E COMERCIAIS,Vara Cível
XII JUIZADO ESPECIAL CÍVEL,Juizado Especial Cível
7ª VSJE DO CONSUMIDOR (IMBUÍ MATUTINO) ,Outros
1ª VARA DE FAZENDA PÚBLICA,Vara Cível
1ª V DOS FEITOS DE REL DE CONS CIV E COMERCIAIS,Outros
10ª VSJE DO CONSUMIDOR (MATUTINO),Outros
5ª VARA ,Vara Cível
6º VARA CÍVEL,Vara Cível
ANVISA,Outros
,Não informado
,Não informado
,Não informado
,Não informado
JUSTIÃA COMUM,Vara Cível
PROCON AUDIÊNCIA,Outros
JUSTIÇA COMUM,Vara Cível
,Não informado
Não informado,Outros
,Não informado
,Não informado
,Não informado
,Não informado
Tribunal de Justiça do Estado de Alagoas,Outros
Tribunal de Justiça do Estado do Ceará,Outros
Tribunal de Justiça do Estado de São Paulo,Outros
Tribunal de Justiça do Estado do Amazonas,Outros
Tribunal de Justiça do Estado do Rio Grande do Sul,Outros
Tribunal de Justiça do Estado de Amazonas,Outros
Tribunal de Justiça do Estado do Maranhão,Outros
Tribunal de Justiça do Estado da Bahia,Outros
Tribunal de Justiça do Estado do Rio de Janeiro,Outros
Tribunal de Justiça do Estado de Goiás,Outros
Tribunal de Justiça do Estado de Pernambuco,Outros
Tribunal de Justiça do Estado do Acre,Outros
Tribunal de Justiça do Estado do Espírito Santo,Outros
Tribunal de Justiça do Estado do Piauí,Outros
Tribunal de Justiça do Estado do Mato Grosso,Outros
Tribunal de Justiça do Estado do Pará,Outros
Tribunal de Justiça do Estado de Minas Gerais,Outros
Tribunal de Justiça do Estado de Roraima,Outros
Tribunal de Justiça do Estado de Sergipe,Outros
Tribunal de Justiça do Estado do Rio Grande do Norte,Outros
Tribunal de Justiça do Estado de Santa Catarina,Outros
Tribunal de Justiça do Estado da Paraíba,Outros
Tribunal de Justiça do Estado de Tocantins,Outros
Tribunal de Justiça do Estado do Mato Grosso do Sul,Outros
Tribunal de Justiça do Distrito Federal e dos Territórios,Outros
Tribunal de Justiça do Estado do Paraná,Outros
Tribunal de Justiça do Estado do Amapá,Outros
Tribunal de Justiça do Estado de Rondônia,Outros
,Não informado
,Não informado
,Não informado
,Não informado
,Não informado
,Não informado
,Não informado
,Não informado
28ª Vara Civel,Vara Cível
5ª  Vara Civel,Vara Cível
1ª Vara Cível de Ceilândia,Vara Cível
20º Juizado Especial Cível,Juizado Especial Cível
4ª Unidade Jurisdicional,Outros
10º Juizado Especial Cível ,Juizado Especial Cível
1ª Unidade Jurisdicional Cível ,Vara Cível
6ª Unidade Jurisdicional Cível,Vara Cível
31ª Vara Civel,Vara Cível
8ª Vara Civel,Vara Cível
27º Juizado Especial Cível,Juizado Especial Cível
9º Juizado Especial Civel,Juizado Especial Cível
2ª Vara do Sistema dos Juizados,Vara Cível
8º Juizado Especial Cível e das Relações de Consumo de São Luís,Juizado Especial Cível
6º Juizado Especial Cível de Lagoa,Juizado Especial Cível
3ª Unidade do juizado Especial Cível,Juizado Especial Cível
3ª Unidade Jurisdicional Cível - 7º JD,Vara Cível
24ª Juizado Especial Cível e das Relações de Consumo,Juizado Especial Cível
6ª Vara Civel,Vara Cível
3º Juizado Especial Cível de Foz do Iguaçu,Juizado Especial Cível
1ª Vara Civel,Vara Cível
23ª Vara Civel,Vara Cível
37ª Vara CiveL,Vara Cível
34ª Vara Civel ,Vara Cível
20º Juizado Especial Cível da Regional da Ilha do Governador,Juizado Especial Cível
20º Juizado Especial Civel,Juizado Especial Cível
27º Juizado Espcial Cível,Vara Cível
2ª Vara Civel,Vara Cível
10° Juizado Especial Cível e das Relações de Consumo,Juizado Especial Cível
2ª Unidade Jurisdicional - 3º JD,Outros
9ª Unidade Jurisdicional Cível,Vara Cível
5ª Vara  Cível,Vara Cível
1ª Unidade Jurisdicional Única- 1º JD,Outros
1ª Unidade Jurisdicional Cível,Vara Cível
5º Juizado Especial Cível e das Relações de Consumo,Juizado Especial Cível
Juízo do Juizado Especial Cível - UFSC,Juizado Especial Cível
4ª Unidade Jurisdicional ,Outros
35ª Vara Cível - Foro Central Cível,Vara Cível
Juízo da Unidade Judiciária de Cooperação,Outros
9ª Unidade Jusrisdicional Cível,Vara Cível
11ª Unidade do juizado Especial Cível,Juizado Especial Cível
9ª Unidade Jurisdiciona Cível ,Vara Cível
7º Juizado Especial Civel,Juizado Especial Cível
2ª Unidade Jurisdicional Única - 4º JD,Outros
Cejusc - Juizado Especial Cível,Juizado Especial Cível
10º Vsje do Consumidor,Outros
17ª Vara Civel,Vara Cível
1ª Vara Do Juizado Especial,Juizado Especial Cível
Juizado Especial Civel,Juizado Especial Cível
7ª Vsje do Consumidor,Outros
4ª Vara de Relações de Consumo da Comarca de Salvador ,Vara Cível
6ª Vara Cível,Vara Cível
13ª Vara Cível do Foro Central,Vara Cível
14º Juizado Especial Civel,Juizado Especial Cível
8º Juizado Especial Civel,Juizado Especial Cível
20ª Vsje do Consumidor,Outros
26º Juizado Especial Cível,Juizado Especial Cível
3ª Vara do Sistema dos Juizados,Vara Cível
Juizado Especial Cível do Guará,Juizado Especial Cível
1º Juizado Especial Cível ,Juizado Especial Cível
1ª Vsje do Consumidor,Outros
Juizado Especial Cível de Tomazina,Juizado Especial Cível
7ª  Vara Civel,Vara Cível
16º Juizado Especial Civel,Juizado Especial Cível
2ª Vara do Juizado Especial,Juizado Especial Cível
6º Juizado Especial Cível e das Relações de Consumo,Juizado Especial Cível
9ª Vara Civel,Vara Cível
2ª Vsje do Consumidor,Outros
02ª Vsje,Outros
18ª Vsje do Consumidor,Outros
1ª Vara do Juizado Especial Cível e Criminal,Juizado Especial Cível
2ª Unidade Jurisdicional Cível,Vara Cível
16º  Juizado Especial Cível,Juizado Especial Cível
16ª Vsje do Consumidor,Outros
8ª Vara Cível,Vara Cível
20ª Vara Civel,Vara Cível
5º Juizado Especial Civel,Juizado Especial Cível
16ª VSJE do Consumidor (Vespertino),Outros
4ª Vara Cível ,Vara Cível
4º Juizado Especial Cível ,Juizado Especial Cível
7º Juizado Especial Cível,Juizado Especial Cível
Juizado Especial Cível Anexo UNISA,Juizado Especial Cível
9ª Vara Cível ,Vara Cível
7º Juizado Especial Cível ,Juizado Especial Cível
II Juizado Especial Cível,Juizado Especial Cível
23º Juizado Especial Cível,Juizado Especial Cível
5ª Vara Cível,Vara Cível
Unidade Jurisdicional Cível,Vara Cível
11° Juizado especial Cível,Juizado Especial Cível
Juizado Especial Cível da Barra da Tijuca,Juizado Especial Cível
Unidade Jurisdicional - 1º JD,Outros
08º Vsje Do Consumidor,Outros
5º Juizado Especial Cível de Brasília,Juizado Especial Cível
"2º Juizado Especial Cível, Criminal e da Fazenda Pública",Juizado Especial Cível
35ª Vara Civel,Vara Cível
5ª Vara do Juizado Especial Cível da Comarca de Salvador,Juizado Especial Cível
1ª Unidade Jurisdicional Única- 3º JD,Outros
14ª Vsje do Consumidor,Outros
6º Juizado Especial Cível ,Juizado Especial Cível
10ª Unidade Jurisdicional Cível,Vara Cível
1ª Vara Descentralizada de Santa Felicidade-Juizado Especial Cível de Curitiba,Juizado Especial Cível
Cejusc III,Outros
4ª Unidade do Juizado Especial Cível,Juizado Especial Cível
22º Juizado Especial Cível,Juizado Especial Cível
11ª VSJE do Consumidor ,Outros
Juizado Especial Cível e das Relações de Consumo,Juizado Especial Cível
6ª Vsje do Consumidor,Outros
Juízo da 1ª Vara Cível,Vara Cível
12º Juizado Especial Cível e das Relações de Consumo,Juizado Especial Cível
16º Juizado Especial Cível,Juizado Especial Cível
I Juizado Especial Cível,Juizado Especial Cível
Juizado Especial Civel De Curiiba,Juizado Especial Cível
4ª Unidade Jurisdicional Cível ,Vara Cível
6º Juizado Especial Cíve,Juizado Especial Cível
4ª Unidade Jurisdicional Cível,Vara Cível
42ª Vara Civel ,Vara Cível
2ª Vara Cível ,Vara Cível
2ª Vara Mista,Vara Cível
,Não informado
,Não informado
,Não informado
,Não informado
,Não informado
,Não informado
,Não informado
,Não informado
,Não informado
,Não informado
,Não informado
,Não informado
,Não informado
,Não informado
,Não informado
,Não informado
,Não informado
,Não informado
,Não informado
,Não informado
,Não informado
,Não informado
,Não informado
,Não informado
,Não informado
,Não informado
,Não informado
,Não informado
,Não informado
,Não informado
,Não informado
,Não informado
,Não informado
,Não informado
,Não informado
,Não informado
,Não informado
,Não informado
,Não informado
,Não informado
,Não informado
,Não informado
,Não informado
,Não informado
,Não informado
,Não informado
,Não informado
,Não informado
,Não informado
,Não informado
,Não informado
,Não informado
